x-axis,1,2
second,Volt,Volt
+119.70000E-03,+4.39560297E+00,+10.07732641E+00
+119.72500E-03,+4.37801503E+00,+10.07732641E+00
+119.75000E-03,+4.35791453E+00,+10.07511535E+00
+119.77500E-03,+4.35288940E+00,+10.04194953E+00
+119.80000E-03,+4.35791453E+00,+10.03973847E+00
+119.82500E-03,+4.33530146E+00,+10.05963797E+00
+119.85000E-03,+4.35791453E+00,+10.04194953E+00
+119.87500E-03,+4.33530146E+00,+10.00657264E+00
+119.90000E-03,+4.35540197E+00,+10.00657264E+00
+119.92500E-03,+4.35791453E+00,+10.02205003E+00
+119.95000E-03,+4.35791453E+00,+10.03973847E+00
+119.97500E-03,+4.33530146E+00,+10.02426108E+00
+120.00000E-03,+4.31771353E+00,+10.03752741E+00
+120.02500E-03,+4.35791453E+00,+10.02205003E+00
+120.05000E-03,+4.31771353E+00,+9.97340681E+00
+120.07500E-03,+4.33781403E+00,+10.02426108E+00
+120.10000E-03,+4.35540197E+00,+10.00657264E+00
+120.12500E-03,+4.35791453E+00,+9.98888420E+00
+120.15000E-03,+4.31771353E+00,+10.00657264E+00
+120.17500E-03,+4.31771353E+00,+10.00657264E+00
+120.20000E-03,+4.31771353E+00,+10.00657264E+00
+120.22500E-03,+4.31771353E+00,+10.00657264E+00
+120.25000E-03,+4.31771353E+00,+10.00657264E+00
+120.27500E-03,+4.31771353E+00,+9.98667314E+00
+120.30000E-03,+4.31771353E+00,+10.00657264E+00
+120.32500E-03,+4.31771353E+00,+9.96677365E+00
+120.35000E-03,+4.35540197E+00,+9.93581887E+00
+120.37500E-03,+4.31771353E+00,+9.97119576E+00
+120.40000E-03,+4.31771353E+00,+10.00436159E+00
+120.42500E-03,+4.29510046E+00,+9.97119576E+00
+120.45000E-03,+4.27751252E+00,+9.97119576E+00
+120.47500E-03,+4.29761302E+00,+9.97119576E+00
+120.50000E-03,+4.31771353E+00,+9.97119576E+00
+120.52500E-03,+4.31771353E+00,+9.97119576E+00
+120.55000E-03,+4.27751252E+00,+9.93581887E+00
+120.57500E-03,+4.29510046E+00,+9.97119576E+00
+120.60000E-03,+4.27751252E+00,+9.93581887E+00
+120.62500E-03,+4.27751252E+00,+9.97119576E+00
+120.65000E-03,+4.27751252E+00,+9.93581887E+00
+120.67500E-03,+4.27751252E+00,+9.95129626E+00
+120.70000E-03,+4.27751252E+00,+9.93581887E+00
+120.72500E-03,+4.29761302E+00,+9.93581887E+00
+120.75000E-03,+4.27751252E+00,+9.93581887E+00
+120.77500E-03,+4.29761302E+00,+9.93581887E+00
+120.80000E-03,+4.27751252E+00,+9.93581887E+00
+120.82500E-03,+4.25489946E+00,+9.95129626E+00
+120.85000E-03,+4.27499996E+00,+9.93581887E+00
+120.87500E-03,+4.27751252E+00,+9.91591938E+00
+120.90000E-03,+4.23731152E+00,+9.93581887E+00
+120.92500E-03,+4.25489946E+00,+9.91813043E+00
+120.95000E-03,+4.23731152E+00,+9.93360782E+00
+120.97500E-03,+4.25741202E+00,+9.91591938E+00
+121.00000E-03,+4.27499996E+00,+9.93360782E+00
+121.02500E-03,+4.25741202E+00,+9.91813043E+00
+121.05000E-03,+4.27751252E+00,+9.90044199E+00
+121.07500E-03,+4.21721101E+00,+9.91591938E+00
+121.10000E-03,+4.23731152E+00,+9.90044199E+00
+121.12500E-03,+4.23731152E+00,+9.90044199E+00
+121.15000E-03,+4.23731152E+00,+9.90044199E+00
+121.17500E-03,+4.23731152E+00,+9.88275355E+00
+121.20000E-03,+4.23731152E+00,+9.90044199E+00
+121.22500E-03,+4.25489946E+00,+9.90044199E+00
+121.25000E-03,+4.23731152E+00,+9.86506511E+00
+121.27500E-03,+4.21721101E+00,+9.90044199E+00
+121.30000E-03,+4.23731152E+00,+9.86506511E+00
+121.32500E-03,+4.21721101E+00,+9.86506511E+00
+121.35000E-03,+4.19711051E+00,+9.86506511E+00
+121.37500E-03,+4.23731152E+00,+9.86506511E+00
+121.40000E-03,+4.23731152E+00,+9.89823093E+00
+121.42500E-03,+4.25489946E+00,+9.86506511E+00
+121.45000E-03,+4.23731152E+00,+9.86285405E+00
+121.47500E-03,+4.21721101E+00,+9.84737666E+00
+121.50000E-03,+4.15690951E+00,+9.82968822E+00
+121.52500E-03,+4.21469845E+00,+9.84737666E+00
+121.55000E-03,+4.19459795E+00,+9.86285405E+00
+121.57500E-03,+4.19711051E+00,+9.84516561E+00
+121.60000E-03,+4.23479895E+00,+9.82968822E+00
+121.62500E-03,+4.19711051E+00,+9.82968822E+00
+121.65000E-03,+4.23479895E+00,+9.82968822E+00
+121.67500E-03,+4.19962307E+00,+9.82968822E+00
+121.70000E-03,+4.19711051E+00,+9.86506511E+00
+121.72500E-03,+4.19711051E+00,+9.84737666E+00
+121.75000E-03,+4.19711051E+00,+9.82968822E+00
+121.77500E-03,+4.19962307E+00,+9.82968822E+00
+121.80000E-03,+4.19711051E+00,+9.79431134E+00
+121.82500E-03,+4.19711051E+00,+9.82968822E+00
+121.85000E-03,+4.15690951E+00,+9.79431134E+00
+121.87500E-03,+4.21721101E+00,+9.79431134E+00
+121.90000E-03,+4.15690951E+00,+9.82968822E+00
+121.92500E-03,+4.19711051E+00,+9.81199978E+00
+121.95000E-03,+4.15690951E+00,+9.79431134E+00
+121.97500E-03,+4.19711051E+00,+9.80978872E+00
+122.00000E-03,+4.19711051E+00,+9.82747717E+00
+122.02500E-03,+4.17701001E+00,+9.79431134E+00
+122.05000E-03,+4.15690951E+00,+9.79210028E+00
+122.07500E-03,+4.15942207E+00,+9.80978872E+00
+122.10000E-03,+4.15690951E+00,+9.79431134E+00
+122.12500E-03,+4.13680900E+00,+9.79431134E+00
+122.15000E-03,+4.11670850E+00,+9.79431134E+00
+122.17500E-03,+4.15690951E+00,+9.75893445E+00
+122.20000E-03,+4.15690951E+00,+9.75893445E+00
+122.22500E-03,+4.15942207E+00,+9.75893445E+00
+122.25000E-03,+4.15690951E+00,+9.78988923E+00
+122.27500E-03,+4.13680900E+00,+9.79431134E+00
+122.30000E-03,+4.11670850E+00,+9.75893445E+00
+122.32500E-03,+4.15690951E+00,+9.75893445E+00
+122.35000E-03,+4.15690951E+00,+9.75893445E+00
+122.37500E-03,+4.13680900E+00,+9.73903496E+00
+122.40000E-03,+4.15690951E+00,+9.75893445E+00
+122.42500E-03,+4.13429644E+00,+9.75893445E+00
+122.45000E-03,+4.11670850E+00,+9.72355757E+00
+122.47500E-03,+4.15690951E+00,+9.74124601E+00
+122.50000E-03,+4.11670850E+00,+9.75672340E+00
+122.52500E-03,+4.11670850E+00,+9.74124601E+00
+122.55000E-03,+4.15690951E+00,+9.75672340E+00
+122.57500E-03,+4.11670850E+00,+9.72355757E+00
+122.60000E-03,+4.11670850E+00,+9.72355757E+00
+122.62500E-03,+4.11670850E+00,+9.74124601E+00
+122.65000E-03,+4.07650750E+00,+9.72134651E+00
+122.67500E-03,+4.13680900E+00,+9.72355757E+00
+122.70000E-03,+4.11670850E+00,+9.72355757E+00
+122.72500E-03,+4.11670850E+00,+9.70365807E+00
+122.75000E-03,+4.11419594E+00,+9.68818069E+00
+122.77500E-03,+4.11670850E+00,+9.72355757E+00
+122.80000E-03,+4.07650750E+00,+9.72355757E+00
+122.82500E-03,+4.09660800E+00,+9.70586913E+00
+122.85000E-03,+4.07650750E+00,+9.68818069E+00
+122.87500E-03,+4.09409544E+00,+9.68818069E+00
+122.90000E-03,+4.07650750E+00,+9.65501486E+00
+122.92500E-03,+4.09660800E+00,+9.70586913E+00
+122.95000E-03,+4.07650750E+00,+9.72134651E+00
+122.97500E-03,+4.09660800E+00,+9.68375857E+00
+123.00000E-03,+4.11670850E+00,+9.72355757E+00
+123.02500E-03,+4.07650750E+00,+9.68818069E+00
+123.05000E-03,+4.07650750E+00,+9.65280380E+00
+123.07500E-03,+4.07650750E+00,+9.68818069E+00
+123.10000E-03,+4.07650750E+00,+9.68818069E+00
+123.12500E-03,+4.07650750E+00,+9.65280380E+00
+123.15000E-03,+4.07650750E+00,+9.65280380E+00
+123.17500E-03,+4.09409544E+00,+9.66828119E+00
+123.20000E-03,+4.07650750E+00,+9.68596963E+00
+123.22500E-03,+4.07650750E+00,+9.67049224E+00
+123.25000E-03,+4.03630649E+00,+9.68818069E+00
+123.27500E-03,+4.03630649E+00,+9.65280380E+00
+123.30000E-03,+4.03630649E+00,+9.65280380E+00
+123.32500E-03,+4.05389443E+00,+9.65280380E+00
+123.35000E-03,+4.07399493E+00,+9.68818069E+00
+123.37500E-03,+4.03630649E+00,+9.65280380E+00
+123.40000E-03,+4.03630649E+00,+9.61742692E+00
+123.42500E-03,+4.05640700E+00,+9.65280380E+00
+123.45000E-03,+4.03379393E+00,+9.61742692E+00
+123.47500E-03,+4.05389443E+00,+9.65280380E+00
+123.50000E-03,+3.99610549E+00,+9.65059275E+00
+123.52500E-03,+4.03630649E+00,+9.61742692E+00
+123.55000E-03,+4.03630649E+00,+9.61742692E+00
+123.57500E-03,+4.03630649E+00,+9.63290430E+00
+123.60000E-03,+3.99610549E+00,+9.61742692E+00
+123.62500E-03,+4.03630649E+00,+9.63290430E+00
+123.65000E-03,+4.03630649E+00,+9.61742692E+00
+123.67500E-03,+4.03881906E+00,+9.61742692E+00
+123.70000E-03,+3.99610549E+00,+9.61742692E+00
+123.72500E-03,+4.01620599E+00,+9.61742692E+00
+123.75000E-03,+3.99610549E+00,+9.61742692E+00
+123.77500E-03,+4.03630649E+00,+9.58205003E+00
+123.80000E-03,+4.03630649E+00,+9.58205003E+00
+123.82500E-03,+4.01369343E+00,+9.61742692E+00
+123.85000E-03,+3.99610549E+00,+9.58205003E+00
+123.87500E-03,+4.01620599E+00,+9.61742692E+00
+123.90000E-03,+3.99610549E+00,+9.61521586E+00
+123.92500E-03,+4.01620599E+00,+9.59973847E+00
+123.95000E-03,+3.99610549E+00,+9.58205003E+00
+123.97500E-03,+3.99610549E+00,+9.59752742E+00
+124.00000E-03,+3.99610549E+00,+9.58205003E+00
+124.02500E-03,+3.99610549E+00,+9.58205003E+00
+124.05000E-03,+3.95590448E+00,+9.61521586E+00
+124.07500E-03,+3.97600499E+00,+9.58205003E+00
+124.10000E-03,+3.95590448E+00,+9.58205003E+00
+124.12500E-03,+3.97600499E+00,+9.56215054E+00
+124.15000E-03,+3.95590448E+00,+9.57983898E+00
+124.17500E-03,+3.99610549E+00,+9.58205003E+00
+124.20000E-03,+3.95590448E+00,+9.57983898E+00
+124.22500E-03,+3.97349242E+00,+9.56436159E+00
+124.25000E-03,+3.95590448E+00,+9.54667315E+00
+124.27500E-03,+3.97600499E+00,+9.54667315E+00
+124.30000E-03,+3.99359293E+00,+9.54446209E+00
+124.32500E-03,+3.93580398E+00,+9.54667315E+00
+124.35000E-03,+3.99359293E+00,+9.51129626E+00
+124.37500E-03,+3.97349242E+00,+9.52898471E+00
+124.40000E-03,+3.95590448E+00,+9.54667315E+00
+124.42500E-03,+3.95590448E+00,+9.54667315E+00
+124.45000E-03,+3.95590448E+00,+9.51129626E+00
+124.47500E-03,+3.97600499E+00,+9.51129626E+00
+124.50000E-03,+3.95339192E+00,+9.51129626E+00
+124.52500E-03,+3.95590448E+00,+9.52677365E+00
+124.55000E-03,+3.99359293E+00,+9.51129626E+00
+124.57500E-03,+3.95590448E+00,+9.51129626E+00
+124.60000E-03,+3.91570348E+00,+9.51129626E+00
+124.62500E-03,+3.95590448E+00,+9.51129626E+00
+124.65000E-03,+3.95590448E+00,+9.51129626E+00
+124.67500E-03,+3.95590448E+00,+9.51129626E+00
+124.70000E-03,+3.91570348E+00,+9.51129626E+00
+124.72500E-03,+3.93329142E+00,+9.51129626E+00
+124.75000E-03,+3.91570348E+00,+9.47591938E+00
+124.77500E-03,+3.91570348E+00,+9.51129626E+00
+124.80000E-03,+3.91570348E+00,+9.47591938E+00
+124.82500E-03,+3.91570348E+00,+9.47591938E+00
+124.85000E-03,+3.87801504E+00,+9.47591938E+00
+124.87500E-03,+3.93580398E+00,+9.49139677E+00
+124.90000E-03,+3.91570348E+00,+9.47591938E+00
+124.92500E-03,+3.93580398E+00,+9.49139677E+00
+124.95000E-03,+3.91570348E+00,+9.47591938E+00
+124.97500E-03,+3.91570348E+00,+9.44054250E+00
+125.00000E-03,+3.91570348E+00,+9.47591938E+00
+125.02500E-03,+3.93580398E+00,+9.44054250E+00
+125.05000E-03,+3.91570348E+00,+9.47591938E+00
+125.07500E-03,+3.91570348E+00,+9.47591938E+00
+125.10000E-03,+3.91319092E+00,+9.44054250E+00
+125.12500E-03,+3.89309041E+00,+9.45823094E+00
+125.15000E-03,+3.91570348E+00,+9.44054250E+00
+125.17500E-03,+3.89309041E+00,+9.44054250E+00
+125.20000E-03,+3.91570348E+00,+9.44054250E+00
+125.22500E-03,+3.91570348E+00,+9.44054250E+00
+125.25000E-03,+3.87550247E+00,+9.47370833E+00
+125.27500E-03,+3.89560298E+00,+9.44054250E+00
+125.30000E-03,+3.87550247E+00,+9.44054250E+00
+125.32500E-03,+3.87550247E+00,+9.44054250E+00
+125.35000E-03,+3.87550247E+00,+9.43833144E+00
+125.37500E-03,+3.87550247E+00,+9.42285405E+00
+125.40000E-03,+3.83530147E+00,+9.43833144E+00
+125.42500E-03,+3.87550247E+00,+9.42064300E+00
+125.45000E-03,+3.83781403E+00,+9.43833144E+00
+125.47500E-03,+3.89309041E+00,+9.42064300E+00
+125.50000E-03,+3.87550247E+00,+9.40516561E+00
+125.52500E-03,+3.85540197E+00,+9.44054250E+00
+125.55000E-03,+3.87550247E+00,+9.40516561E+00
+125.57500E-03,+3.83530147E+00,+9.44054250E+00
+125.60000E-03,+3.87298991E+00,+9.40295456E+00
+125.62500E-03,+3.87550247E+00,+9.40516561E+00
+125.65000E-03,+3.87550247E+00,+9.36978873E+00
+125.67500E-03,+3.83530147E+00,+9.38747717E+00
+125.70000E-03,+3.87550247E+00,+9.40295456E+00
+125.72500E-03,+3.83530147E+00,+9.38526612E+00
+125.75000E-03,+3.83278891E+00,+9.36978873E+00
+125.77500E-03,+3.83530147E+00,+9.34988923E+00
+125.80000E-03,+3.87298991E+00,+9.36978873E+00
+125.82500E-03,+3.85540197E+00,+9.36978873E+00
+125.85000E-03,+3.83530147E+00,+9.33441184E+00
+125.87500E-03,+3.83530147E+00,+9.36978873E+00
+125.90000E-03,+3.83278891E+00,+9.36978873E+00
+125.92500E-03,+3.83530147E+00,+9.34988923E+00
+125.95000E-03,+3.83278891E+00,+9.36757767E+00
+125.97500E-03,+3.81520097E+00,+9.35210029E+00
+126.00000E-03,+3.83530147E+00,+9.36978873E+00
+126.02500E-03,+3.81520097E+00,+9.35210029E+00
+126.05000E-03,+3.83530147E+00,+9.36978873E+00
+126.07500E-03,+3.79510047E+00,+9.36978873E+00
+126.10000E-03,+3.83278891E+00,+9.36757767E+00
+126.12500E-03,+3.81268840E+00,+9.33441184E+00
+126.15000E-03,+3.79510047E+00,+9.33441184E+00
+126.17500E-03,+3.81520097E+00,+9.31451235E+00
+126.20000E-03,+3.79510047E+00,+9.33441184E+00
+126.22500E-03,+3.79510047E+00,+9.31672340E+00
+126.25000E-03,+3.79510047E+00,+9.29903496E+00
+126.27500E-03,+3.81268840E+00,+9.33441184E+00
+126.30000E-03,+3.83278891E+00,+9.33220079E+00
+126.32500E-03,+3.79510047E+00,+9.28134652E+00
+126.35000E-03,+3.83278891E+00,+9.29903496E+00
+126.37500E-03,+3.79761303E+00,+9.31672340E+00
+126.40000E-03,+3.75489946E+00,+9.29903496E+00
+126.42500E-03,+3.77248740E+00,+9.29903496E+00
+126.45000E-03,+3.79510047E+00,+9.29682391E+00
+126.47500E-03,+3.77499996E+00,+9.28134652E+00
+126.50000E-03,+3.79510047E+00,+9.29903496E+00
+126.52500E-03,+3.75489946E+00,+9.27913546E+00
+126.55000E-03,+3.75489946E+00,+9.29903496E+00
+126.57500E-03,+3.79510047E+00,+9.29903496E+00
+126.60000E-03,+3.79510047E+00,+9.26365808E+00
+126.62500E-03,+3.73479896E+00,+9.27913546E+00
+126.65000E-03,+3.75489946E+00,+9.26365808E+00
+126.67500E-03,+3.73479896E+00,+9.31672340E+00
+126.70000E-03,+3.79258790E+00,+9.26365808E+00
+126.72500E-03,+3.77499996E+00,+9.26365808E+00
+126.75000E-03,+3.75489946E+00,+9.29903496E+00
+126.77500E-03,+3.74987434E+00,+9.27913546E+00
+126.80000E-03,+3.75489946E+00,+9.22828119E+00
+126.82500E-03,+3.75489946E+00,+9.24596963E+00
+126.85000E-03,+3.75489946E+00,+9.29682391E+00
+126.87500E-03,+3.71469846E+00,+9.24375858E+00
+126.90000E-03,+3.75489946E+00,+9.26365808E+00
+126.92500E-03,+3.75489946E+00,+9.24596963E+00
+126.95000E-03,+3.71469846E+00,+9.22828119E+00
+126.97500E-03,+3.73479896E+00,+9.26365808E+00
+127.00000E-03,+3.71469846E+00,+9.26144702E+00
+127.02500E-03,+3.73479896E+00,+9.22828119E+00
+127.05000E-03,+3.71469846E+00,+9.22828119E+00
+127.07500E-03,+3.73479896E+00,+9.22828119E+00
+127.10000E-03,+3.71469846E+00,+9.22828119E+00
+127.12500E-03,+3.71469846E+00,+9.20838170E+00
+127.15000E-03,+3.75238690E+00,+9.22828119E+00
+127.17500E-03,+3.71469846E+00,+9.20838170E+00
+127.20000E-03,+3.71469846E+00,+9.22828119E+00
+127.22500E-03,+3.73228640E+00,+9.20838170E+00
+127.25000E-03,+3.71469846E+00,+9.22828119E+00
+127.27500E-03,+3.71469846E+00,+9.21059275E+00
+127.30000E-03,+3.71469846E+00,+9.19290431E+00
+127.32500E-03,+3.73228640E+00,+9.17521587E+00
+127.35000E-03,+3.71469846E+00,+9.15973848E+00
+127.37500E-03,+3.67449745E+00,+9.19290431E+00
+127.40000E-03,+3.67449745E+00,+9.19290431E+00
+127.42500E-03,+3.71469846E+00,+9.19290431E+00
+127.45000E-03,+3.71218589E+00,+9.15752742E+00
+127.47500E-03,+3.69208539E+00,+9.19290431E+00
+127.50000E-03,+3.67449745E+00,+9.19290431E+00
+127.52500E-03,+3.69208539E+00,+9.17300481E+00
+127.55000E-03,+3.71218589E+00,+9.19290431E+00
+127.57500E-03,+3.66947233E+00,+9.17300481E+00
+127.60000E-03,+3.67449745E+00,+9.15752742E+00
+127.62500E-03,+3.69459795E+00,+9.17300481E+00
+127.65000E-03,+3.67449745E+00,+9.15531637E+00
+127.67500E-03,+3.69208539E+00,+9.17521587E+00
+127.70000E-03,+3.67449745E+00,+9.15752742E+00
+127.72500E-03,+3.67449745E+00,+9.13983898E+00
+127.75000E-03,+3.67449745E+00,+9.15752742E+00
+127.77500E-03,+3.67701001E+00,+9.15752742E+00
+127.80000E-03,+3.63429645E+00,+9.15752742E+00
+127.82500E-03,+3.67701001E+00,+9.12215054E+00
+127.85000E-03,+3.63429645E+00,+9.15531637E+00
+127.87500E-03,+3.67449745E+00,+9.15752742E+00
+127.90000E-03,+3.63429645E+00,+9.15752742E+00
+127.92500E-03,+3.63429645E+00,+9.13762793E+00
+127.95000E-03,+3.63429645E+00,+9.12215054E+00
+127.97500E-03,+3.65439695E+00,+9.15752742E+00
+128.00000E-03,+3.67198489E+00,+9.12215054E+00
+128.02500E-03,+3.63680901E+00,+9.12215054E+00
+128.05000E-03,+3.63429645E+00,+9.12215054E+00
+128.07500E-03,+3.65439695E+00,+9.12215054E+00
+128.10000E-03,+3.63429645E+00,+9.11993949E+00
+128.12500E-03,+3.63429645E+00,+9.12215054E+00
+128.15000E-03,+3.59409544E+00,+9.12215054E+00
+128.17500E-03,+3.61168338E+00,+9.12215054E+00
+128.20000E-03,+3.63429645E+00,+9.12215054E+00
+128.22500E-03,+3.63429645E+00,+9.10225104E+00
+128.25000E-03,+3.63429645E+00,+9.08677366E+00
+128.27500E-03,+3.59409544E+00,+9.10446210E+00
+128.30000E-03,+3.63429645E+00,+9.08677366E+00
+128.32500E-03,+3.63429645E+00,+9.10446210E+00
+128.35000E-03,+3.59409544E+00,+9.08677366E+00
+128.37500E-03,+3.61168338E+00,+9.08677366E+00
+128.40000E-03,+3.67198489E+00,+9.08677366E+00
+128.42500E-03,+3.59409544E+00,+9.08677366E+00
+128.45000E-03,+3.63429645E+00,+9.08677366E+00
+128.47500E-03,+3.59409544E+00,+9.08677366E+00
+128.50000E-03,+3.63178388E+00,+9.05139677E+00
+128.52500E-03,+3.57399494E+00,+9.08677366E+00
+128.55000E-03,+3.59409544E+00,+9.08456260E+00
+128.57500E-03,+3.59409544E+00,+9.05139677E+00
+128.60000E-03,+3.59409544E+00,+9.08235155E+00
+128.62500E-03,+3.59409544E+00,+9.05139677E+00
+128.65000E-03,+3.59409544E+00,+9.05139677E+00
+128.67500E-03,+3.57399494E+00,+9.03370833E+00
+128.70000E-03,+3.59409544E+00,+9.05139677E+00
+128.72500E-03,+3.59409544E+00,+9.05139677E+00
+128.75000E-03,+3.59409544E+00,+9.05139677E+00
+128.77500E-03,+3.57399494E+00,+9.03149727E+00
+128.80000E-03,+3.55389444E+00,+9.04918572E+00
+128.82500E-03,+3.57399494E+00,+9.03370833E+00
+128.85000E-03,+3.55389444E+00,+9.04918572E+00
+128.87500E-03,+3.59409544E+00,+9.01601989E+00
+128.90000E-03,+3.55389444E+00,+9.01601989E+00
+128.92500E-03,+3.59409544E+00,+9.01601989E+00
+128.95000E-03,+3.59409544E+00,+9.01601989E+00
+128.97500E-03,+3.55389444E+00,+9.03149727E+00
+129.00000E-03,+3.55389444E+00,+9.01601989E+00
+129.02500E-03,+3.57148238E+00,+8.99833145E+00
+129.05000E-03,+3.51369343E+00,+9.01601989E+00
+129.07500E-03,+3.57399494E+00,+9.01601989E+00
+129.10000E-03,+3.55389444E+00,+9.01380883E+00
+129.12500E-03,+3.55389444E+00,+9.01601989E+00
+129.15000E-03,+3.55138188E+00,+9.01380883E+00
+129.17500E-03,+3.55389444E+00,+8.99833145E+00
+129.20000E-03,+3.55389444E+00,+8.98064300E+00
+129.22500E-03,+3.55389444E+00,+8.98064300E+00
+129.25000E-03,+3.55389444E+00,+8.98064300E+00
+129.27500E-03,+3.55389444E+00,+8.99833145E+00
+129.30000E-03,+3.51369343E+00,+8.98064300E+00
+129.32500E-03,+3.55389444E+00,+8.98064300E+00
+129.35000E-03,+3.55389444E+00,+8.98064300E+00
+129.37500E-03,+3.53379394E+00,+8.99833145E+00
+129.40000E-03,+3.47600499E+00,+8.97843195E+00
+129.42500E-03,+3.55389444E+00,+8.98064300E+00
+129.45000E-03,+3.55138188E+00,+8.97843195E+00
+129.47500E-03,+3.51369343E+00,+8.96295456E+00
+129.50000E-03,+3.51118087E+00,+8.94526612E+00
+129.52500E-03,+3.51369343E+00,+8.96295456E+00
+129.55000E-03,+3.51369343E+00,+8.94526612E+00
+129.57500E-03,+3.51369343E+00,+8.94526612E+00
+129.60000E-03,+3.51369343E+00,+8.94526612E+00
+129.62500E-03,+3.49108037E+00,+8.96295456E+00
+129.65000E-03,+3.51118087E+00,+8.94526612E+00
+129.67500E-03,+3.47349243E+00,+8.94526612E+00
+129.70000E-03,+3.51369343E+00,+8.90988924E+00
+129.72500E-03,+3.47349243E+00,+8.94526612E+00
+129.75000E-03,+3.47349243E+00,+8.90988924E+00
+129.77500E-03,+3.49108037E+00,+8.92536662E+00
+129.80000E-03,+3.47349243E+00,+8.90988924E+00
+129.82500E-03,+3.47349243E+00,+8.89220079E+00
+129.85000E-03,+3.47349243E+00,+8.94305506E+00
+129.87500E-03,+3.47349243E+00,+8.90546713E+00
+129.90000E-03,+3.47349243E+00,+8.90988924E+00
+129.92500E-03,+3.47600499E+00,+8.92536662E+00
+129.95000E-03,+3.47349243E+00,+8.87451235E+00
+129.97500E-03,+3.47349243E+00,+8.90988924E+00
+130.00000E-03,+3.47097987E+00,+8.90988924E+00
+130.02500E-03,+3.49359293E+00,+8.90988924E+00
+130.05000E-03,+3.47097987E+00,+8.84134652E+00
+130.07500E-03,+3.47349243E+00,+8.90988924E+00
+130.10000E-03,+3.47349243E+00,+8.87451235E+00
+130.12500E-03,+3.49359293E+00,+8.88998974E+00
+130.15000E-03,+3.47349243E+00,+8.87451235E+00
+130.17500E-03,+3.47349243E+00,+8.88998974E+00
+130.20000E-03,+3.43329142E+00,+8.90988924E+00
+130.22500E-03,+3.45339193E+00,+8.87451235E+00
+130.25000E-03,+3.43329142E+00,+8.87451235E+00
+130.27500E-03,+3.45087936E+00,+8.85682391E+00
+130.30000E-03,+3.43329142E+00,+8.87451235E+00
+130.32500E-03,+3.47349243E+00,+8.85682391E+00
+130.35000E-03,+3.47097987E+00,+8.87451235E+00
+130.37500E-03,+3.47349243E+00,+8.85682391E+00
+130.40000E-03,+3.43329142E+00,+8.83913547E+00
+130.42500E-03,+3.42826630E+00,+8.87451235E+00
+130.45000E-03,+3.43329142E+00,+8.83913547E+00
+130.47500E-03,+3.43329142E+00,+8.85461285E+00
+130.50000E-03,+3.43329142E+00,+8.83913547E+00
+130.52500E-03,+3.43329142E+00,+8.83913547E+00
+130.55000E-03,+3.47097987E+00,+8.83913547E+00
+130.57500E-03,+3.39309042E+00,+8.85682391E+00
+130.60000E-03,+3.43329142E+00,+8.83913547E+00
+130.62500E-03,+3.39309042E+00,+8.81923597E+00
+130.65000E-03,+3.43329142E+00,+8.83913547E+00
+130.67500E-03,+3.41319092E+00,+8.83913547E+00
+130.70000E-03,+3.39309042E+00,+8.80375858E+00
+130.72500E-03,+3.41067836E+00,+8.82144703E+00
+130.75000E-03,+3.39309042E+00,+8.83692441E+00
+130.77500E-03,+3.41319092E+00,+8.81923597E+00
+130.80000E-03,+3.35540198E+00,+8.80375858E+00
+130.82500E-03,+3.41067836E+00,+8.80375858E+00
+130.85000E-03,+3.39309042E+00,+8.80375858E+00
+130.87500E-03,+3.39309042E+00,+8.78385909E+00
+130.90000E-03,+3.39309042E+00,+8.80375858E+00
+130.92500E-03,+3.39309042E+00,+8.78607014E+00
+130.95000E-03,+3.39309042E+00,+8.76838170E+00
+130.97500E-03,+3.39309042E+00,+8.78607014E+00
+131.00000E-03,+3.39309042E+00,+8.76838170E+00
+131.02500E-03,+3.39309042E+00,+8.76838170E+00
+131.05000E-03,+3.39309042E+00,+8.76838170E+00
+131.07500E-03,+3.39309042E+00,+8.78607014E+00
+131.10000E-03,+3.39057786E+00,+8.76838170E+00
+131.12500E-03,+3.39309042E+00,+8.78607014E+00
+131.15000E-03,+3.39309042E+00,+8.76838170E+00
+131.17500E-03,+3.39309042E+00,+8.80375858E+00
+131.20000E-03,+3.35288941E+00,+8.80154753E+00
+131.22500E-03,+3.37298992E+00,+8.80375858E+00
+131.25000E-03,+3.35288941E+00,+8.76838170E+00
+131.27500E-03,+3.39309042E+00,+8.78607014E+00
+131.30000E-03,+3.39057786E+00,+8.76838170E+00
+131.32500E-03,+3.33278891E+00,+8.75069326E+00
+131.35000E-03,+3.35037685E+00,+8.76838170E+00
+131.37500E-03,+3.37298992E+00,+8.73300482E+00
+131.40000E-03,+3.35288941E+00,+8.73300482E+00
+131.42500E-03,+3.35288941E+00,+8.74848220E+00
+131.45000E-03,+3.38806529E+00,+8.73300482E+00
+131.47500E-03,+3.35288941E+00,+8.76838170E+00
+131.50000E-03,+3.35288941E+00,+8.73300482E+00
+131.52500E-03,+3.31268841E+00,+8.73300482E+00
+131.55000E-03,+3.31268841E+00,+8.76617064E+00
+131.57500E-03,+3.35288941E+00,+8.73300482E+00
+131.60000E-03,+3.35288941E+00,+8.73300482E+00
+131.62500E-03,+3.31268841E+00,+8.73300482E+00
+131.65000E-03,+3.35288941E+00,+8.73079376E+00
+131.67500E-03,+3.35288941E+00,+8.73300482E+00
+131.70000E-03,+3.35037685E+00,+8.69762793E+00
+131.72500E-03,+3.33278891E+00,+8.69762793E+00
+131.75000E-03,+3.35037685E+00,+8.73300482E+00
+131.77500E-03,+3.33027635E+00,+8.71310532E+00
+131.80000E-03,+3.35288941E+00,+8.66225105E+00
+131.82500E-03,+3.31268841E+00,+8.71310532E+00
+131.85000E-03,+3.31268841E+00,+8.73079376E+00
+131.87500E-03,+3.29258791E+00,+8.69762793E+00
+131.90000E-03,+3.31268841E+00,+8.69762793E+00
+131.92500E-03,+3.31268841E+00,+8.69983899E+00
+131.95000E-03,+3.27248741E+00,+8.69762793E+00
+131.97500E-03,+3.29258791E+00,+8.69762793E+00
+132.00000E-03,+3.27248741E+00,+8.73079376E+00
+132.02500E-03,+3.27248741E+00,+8.69762793E+00
+132.05000E-03,+3.31017585E+00,+8.69541688E+00
+132.07500E-03,+3.31268841E+00,+8.66446210E+00
+132.10000E-03,+3.31017585E+00,+8.66003999E+00
+132.12500E-03,+3.29258791E+00,+8.64456261E+00
+132.15000E-03,+3.27248741E+00,+8.66225105E+00
+132.17500E-03,+3.29007535E+00,+8.67772843E+00
+132.20000E-03,+3.27248741E+00,+8.62687416E+00
+132.22500E-03,+3.29258791E+00,+8.64235155E+00
+132.25000E-03,+3.27248741E+00,+8.62687416E+00
+132.27500E-03,+3.27248741E+00,+8.64456261E+00
+132.30000E-03,+3.27248741E+00,+8.66225105E+00
+132.32500E-03,+3.29258791E+00,+8.64235155E+00
+132.35000E-03,+3.27248741E+00,+8.66225105E+00
+132.37500E-03,+3.23228640E+00,+8.64456261E+00
+132.40000E-03,+3.27248741E+00,+8.62687416E+00
+132.42500E-03,+3.25238690E+00,+8.62687416E+00
+132.45000E-03,+3.27248741E+00,+8.62687416E+00
+132.47500E-03,+3.25238690E+00,+8.62687416E+00
+132.50000E-03,+3.23228640E+00,+8.66003999E+00
+132.52500E-03,+3.23228640E+00,+8.60918572E+00
+132.55000E-03,+3.23228640E+00,+8.59149728E+00
+132.57500E-03,+3.25238690E+00,+8.62687416E+00
+132.60000E-03,+3.23228640E+00,+8.62687416E+00
+132.62500E-03,+3.24987434E+00,+8.60697467E+00
+132.65000E-03,+3.27248741E+00,+8.62687416E+00
+132.67500E-03,+3.27248741E+00,+8.60918572E+00
+132.70000E-03,+3.23228640E+00,+8.62687416E+00
+132.72500E-03,+3.23228640E+00,+8.62687416E+00
+132.75000E-03,+3.23228640E+00,+8.59149728E+00
+132.77500E-03,+3.21218590E+00,+8.59149728E+00
+132.80000E-03,+3.23228640E+00,+8.59149728E+00
+132.82500E-03,+3.23228640E+00,+8.59149728E+00
+132.85000E-03,+3.23228640E+00,+8.55612040E+00
+132.87500E-03,+3.20967334E+00,+8.57159778E+00
+132.90000E-03,+3.19208540E+00,+8.55612040E+00
+132.92500E-03,+3.20967334E+00,+8.57380884E+00
+132.95000E-03,+3.19208540E+00,+8.58928622E+00
+132.97500E-03,+3.21218590E+00,+8.57380884E+00
+133.00000E-03,+3.22977384E+00,+8.55612040E+00
+133.02500E-03,+3.21218590E+00,+8.55612040E+00
+133.05000E-03,+3.19208540E+00,+8.55612040E+00
+133.07500E-03,+3.19208540E+00,+8.57159778E+00
+133.10000E-03,+3.19208540E+00,+8.55612040E+00
+133.12500E-03,+3.20967334E+00,+8.53843195E+00
+133.15000E-03,+3.22977384E+00,+8.58928622E+00
+133.17500E-03,+3.20967334E+00,+8.53622090E+00
+133.20000E-03,+3.18957283E+00,+8.55390934E+00
+133.22500E-03,+3.19208540E+00,+8.53843195E+00
+133.25000E-03,+3.15188439E+00,+8.55612040E+00
+133.27500E-03,+3.17198489E+00,+8.53622090E+00
+133.30000E-03,+3.19208540E+00,+8.52074351E+00
+133.32500E-03,+3.19208540E+00,+8.52074351E+00
+133.35000E-03,+3.19208540E+00,+8.52074351E+00
+133.37500E-03,+3.16947233E+00,+8.50305507E+00
+133.40000E-03,+3.15188439E+00,+8.52074351E+00
+133.42500E-03,+3.17198489E+00,+8.53843195E+00
+133.45000E-03,+3.19208540E+00,+8.52074351E+00
+133.47500E-03,+3.19208540E+00,+8.52074351E+00
+133.50000E-03,+3.15188439E+00,+8.48536663E+00
+133.52500E-03,+3.15188439E+00,+8.52074351E+00
+133.55000E-03,+3.18957283E+00,+8.51853246E+00
+133.57500E-03,+3.15188439E+00,+8.50305507E+00
+133.60000E-03,+3.15188439E+00,+8.48536663E+00
+133.62500E-03,+3.13178389E+00,+8.48536663E+00
+133.65000E-03,+3.15188439E+00,+8.48536663E+00
+133.67500E-03,+3.14685927E+00,+8.46767819E+00
+133.70000E-03,+3.15188439E+00,+8.48536663E+00
+133.72500E-03,+3.15188439E+00,+8.48536663E+00
+133.75000E-03,+3.15188439E+00,+8.48536663E+00
+133.77500E-03,+3.12927133E+00,+8.46546713E+00
+133.80000E-03,+3.15188439E+00,+8.48536663E+00
+133.82500E-03,+3.13178389E+00,+8.44998974E+00
+133.85000E-03,+3.11168339E+00,+8.48315557E+00
+133.87500E-03,+3.13178389E+00,+8.44998974E+00
+133.90000E-03,+3.15188439E+00,+8.44998974E+00
+133.92500E-03,+3.11168339E+00,+8.44998974E+00
+133.95000E-03,+3.14937183E+00,+8.44998974E+00
+133.97500E-03,+3.12927133E+00,+8.44998974E+00
+134.00000E-03,+3.11168339E+00,+8.44777869E+00
+134.02500E-03,+3.11168339E+00,+8.41461286E+00
+134.05000E-03,+3.07399495E+00,+8.44777869E+00
+134.07500E-03,+3.11168339E+00,+8.39692442E+00
+134.10000E-03,+3.11168339E+00,+8.41461286E+00
+134.12500E-03,+3.13178389E+00,+8.41461286E+00
+134.15000E-03,+3.11168339E+00,+8.41461286E+00
+134.17500E-03,+3.11168339E+00,+8.41461286E+00
+134.20000E-03,+3.11168339E+00,+8.41461286E+00
+134.22500E-03,+3.07148238E+00,+8.39471336E+00
+134.25000E-03,+3.03128138E+00,+8.41461286E+00
+134.27500E-03,+3.13178389E+00,+8.39471336E+00
+134.30000E-03,+3.11168339E+00,+8.37923598E+00
+134.32500E-03,+3.08907032E+00,+8.37923598E+00
+134.35000E-03,+3.07148238E+00,+8.34385909E+00
+134.37500E-03,+3.12927133E+00,+8.37923598E+00
+134.40000E-03,+3.07148238E+00,+8.37923598E+00
+134.42500E-03,+3.07148238E+00,+8.34385909E+00
+134.45000E-03,+3.10917082E+00,+8.34164804E+00
+134.47500E-03,+3.07148238E+00,+8.34385909E+00
+134.50000E-03,+3.11168339E+00,+8.34385909E+00
+134.52500E-03,+3.07148238E+00,+8.32617065E+00
+134.55000E-03,+3.07148238E+00,+8.30848221E+00
+134.57500E-03,+3.07148238E+00,+8.30848221E+00
+134.60000E-03,+3.07148238E+00,+8.30627115E+00
+134.62500E-03,+3.09158289E+00,+8.30848221E+00
+134.65000E-03,+3.07148238E+00,+8.30848221E+00
+134.67500E-03,+3.04886932E+00,+8.27310532E+00
+134.70000E-03,+3.03128138E+00,+8.23993949E+00
+134.72500E-03,+3.03128138E+00,+8.23772844E+00
+134.75000E-03,+3.06896982E+00,+8.23772844E+00
+134.77500E-03,+3.05138188E+00,+8.23772844E+00
+134.80000E-03,+3.07148238E+00,+8.26868321E+00
+134.82500E-03,+3.05138188E+00,+8.22004000E+00
+134.85000E-03,+3.07148238E+00,+8.20235156E+00
+134.87500E-03,+3.03128138E+00,+8.18245206E+00
+134.90000E-03,+3.03128138E+00,+8.16697467E+00
+134.92500E-03,+3.05138188E+00,+8.16697467E+00
+134.95000E-03,+3.03128138E+00,+8.16697467E+00
+134.97500E-03,+3.03128138E+00,+8.12717568E+00
+135.00000E-03,+3.03128138E+00,+8.12938673E+00
+135.02500E-03,+3.05138188E+00,+8.09622090E+00
+135.05000E-03,+3.06896982E+00,+8.09622090E+00
+135.07500E-03,+3.01118088E+00,+8.07853246E+00
+135.10000E-03,+3.03128138E+00,+8.05863296E+00
+135.12500E-03,+2.99108037E+00,+8.02546714E+00
+135.15000E-03,+3.06645726E+00,+8.02546714E+00
+135.17500E-03,+3.03128138E+00,+7.99009025E+00
+135.20000E-03,+2.99108037E+00,+7.98787920E+00
+135.22500E-03,+3.03128138E+00,+7.97019075E+00
+135.25000E-03,+3.02876882E+00,+7.91933648E+00
+135.27500E-03,+3.03128138E+00,+7.88395960E+00
+135.30000E-03,+2.99108037E+00,+7.84858271E+00
+135.32500E-03,+2.98605525E+00,+7.88395960E+00
+135.35000E-03,+2.98856781E+00,+7.81320583E+00
+135.37500E-03,+3.00866831E+00,+7.81320583E+00
+135.40000E-03,+2.99108037E+00,+7.77782895E+00
+135.42500E-03,+2.99108037E+00,+7.76014050E+00
+135.45000E-03,+2.95087937E+00,+7.70707518E+00
+135.47500E-03,+2.99108037E+00,+7.70707518E+00
+135.50000E-03,+2.99108037E+00,+7.67169829E+00
+135.52500E-03,+2.99108037E+00,+7.59652242E+00
+135.55000E-03,+2.99108037E+00,+7.56556764E+00
+135.57500E-03,+2.99108037E+00,+7.53019076E+00
+135.60000E-03,+2.99108037E+00,+7.49481387E+00
+135.62500E-03,+2.99108037E+00,+7.47491438E+00
+135.65000E-03,+2.98856781E+00,+7.42406011E+00
+135.67500E-03,+2.97097987E+00,+7.40416061E+00
+135.70000E-03,+2.95087937E+00,+7.31792945E+00
+135.72500E-03,+2.96846731E+00,+7.31792945E+00
+135.75000E-03,+2.98856781E+00,+7.28034151E+00
+135.77500E-03,+2.95087937E+00,+7.21179880E+00
+135.80000E-03,+2.95087937E+00,+7.20958775E+00
+135.82500E-03,+2.97097987E+00,+7.10566815E+00
+135.85000E-03,+2.98856781E+00,+7.07029127E+00
+135.87500E-03,+2.97097987E+00,+7.01501488E+00
+135.90000E-03,+2.95087937E+00,+6.96416061E+00
+135.92500E-03,+2.96846731E+00,+6.94426112E+00
+135.95000E-03,+2.91067836E+00,+6.85802996E+00
+135.97500E-03,+2.92826630E+00,+6.80275358E+00
+136.00000E-03,+2.91067836E+00,+6.75189931E+00
+136.02500E-03,+2.95087937E+00,+6.71652243E+00
+136.05000E-03,+2.91067836E+00,+6.68114554E+00
+136.07500E-03,+2.93077887E+00,+6.62586916E+00
+136.10000E-03,+2.91067836E+00,+6.57501489E+00
+136.12500E-03,+2.95087937E+00,+6.49983901E+00
+136.15000E-03,+2.95087937E+00,+6.46888424E+00
+136.17500E-03,+2.93077887E+00,+6.41360786E+00
+136.20000E-03,+2.94836681E+00,+6.39370836E+00
+136.22500E-03,+2.88806530E+00,+6.32737670E+00
+136.25000E-03,+2.94836681E+00,+6.25883399E+00
+136.27500E-03,+2.92826630E+00,+6.20355761E+00
+136.30000E-03,+2.95087937E+00,+6.15270334E+00
+136.32500E-03,+2.92826630E+00,+6.13501489E+00
+136.35000E-03,+2.91067836E+00,+6.15049228E+00
+136.37500E-03,+2.92826630E+00,+6.07973851E+00
+136.40000E-03,+2.90816580E+00,+6.04657268E+00
+136.42500E-03,+2.88806530E+00,+5.99129630E+00
+136.45000E-03,+2.91067836E+00,+5.90285409E+00
+136.47500E-03,+2.91067836E+00,+5.86747721E+00
+136.50000E-03,+2.87047736E+00,+5.79672344E+00
+136.52500E-03,+2.88806530E+00,+5.74365811E+00
+136.55000E-03,+2.90816580E+00,+5.72596967E+00
+136.57500E-03,+2.89057786E+00,+5.67290435E+00
+136.60000E-03,+2.91067836E+00,+5.65521590E+00
+136.62500E-03,+2.88806530E+00,+5.61983902E+00
+136.65000E-03,+2.87047736E+00,+5.58446214E+00
+136.67500E-03,+2.87047736E+00,+5.58225108E+00
+136.70000E-03,+2.90816580E+00,+5.51370837E+00
+136.72500E-03,+2.88806530E+00,+5.47833148E+00
+136.75000E-03,+2.87047736E+00,+5.44295460E+00
+136.77500E-03,+2.86545223E+00,+5.37220083E+00
+136.80000E-03,+2.86796480E+00,+5.33682395E+00
+136.82500E-03,+2.87047736E+00,+5.28375862E+00
+136.85000E-03,+2.86796480E+00,+5.26607018E+00
+136.87500E-03,+2.83027636E+00,+5.25059279E+00
+136.90000E-03,+2.86796480E+00,+5.23069330E+00
+136.92500E-03,+2.85037686E+00,+5.19973852E+00
+136.95000E-03,+2.86796480E+00,+5.19531641E+00
+136.97500E-03,+2.87047736E+00,+5.12456264E+00
+137.00000E-03,+2.83027636E+00,+5.12456264E+00
+137.02500E-03,+2.84786429E+00,+5.08918576E+00
+137.05000E-03,+2.87047736E+00,+5.09139681E+00
+137.07500E-03,+2.84786429E+00,+5.12456264E+00
+137.10000E-03,+2.87047736E+00,+5.09139681E+00
+137.12500E-03,+2.87298992E+00,+5.08918576E+00
+137.15000E-03,+2.86796480E+00,+5.09139681E+00
+137.17500E-03,+2.83027636E+00,+5.08918576E+00
+137.20000E-03,+2.83027636E+00,+5.09139681E+00
+137.22500E-03,+2.81017585E+00,+5.08918576E+00
+137.25000E-03,+2.83027636E+00,+5.12456264E+00
+137.27500E-03,+2.83027636E+00,+5.12456264E+00
+137.30000E-03,+2.83027636E+00,+5.12456264E+00
+137.32500E-03,+2.80766329E+00,+5.14446214E+00
+137.35000E-03,+2.79007535E+00,+5.19531641E+00
+137.37500E-03,+2.83027636E+00,+5.19531641E+00
+137.40000E-03,+2.83027636E+00,+5.19531641E+00
+137.42500E-03,+2.81017585E+00,+5.23069330E+00
+137.45000E-03,+2.79007535E+00,+5.26607018E+00
+137.47500E-03,+2.80766329E+00,+5.28375862E+00
+137.50000E-03,+2.79007535E+00,+5.30144706E+00
+137.52500E-03,+2.81017585E+00,+5.33682395E+00
+137.55000E-03,+2.79007535E+00,+5.37441189E+00
+137.57500E-03,+2.79007535E+00,+5.42747721E+00
+137.60000E-03,+2.79007535E+00,+5.44295460E+00
+137.62500E-03,+2.79007535E+00,+5.51370837E+00
+137.65000E-03,+2.79007535E+00,+5.51370837E+00
+137.67500E-03,+2.80766329E+00,+5.56898475E+00
+137.70000E-03,+2.79007535E+00,+5.58667319E+00
+137.72500E-03,+2.76997485E+00,+5.65521590E+00
+137.75000E-03,+2.74987435E+00,+5.69280384E+00
+137.77500E-03,+2.76746229E+00,+5.74586917E+00
+137.80000E-03,+2.82776379E+00,+5.79672344E+00
+137.82500E-03,+2.79007535E+00,+5.83210032E+00
+137.85000E-03,+2.74987435E+00,+5.90285409E+00
+137.87500E-03,+2.76997485E+00,+5.92054253E+00
+137.90000E-03,+2.74987435E+00,+6.00898474E+00
+137.92500E-03,+2.79007535E+00,+6.02667319E+00
+137.95000E-03,+2.74987435E+00,+6.08194957E+00
+137.97500E-03,+2.74987435E+00,+6.13280384E+00
+138.00000E-03,+2.74987435E+00,+6.18586916E+00
+138.02500E-03,+2.76746229E+00,+6.22124605E+00
+138.05000E-03,+2.78756279E+00,+6.29199982E+00
+138.07500E-03,+2.74987435E+00,+6.32737670E+00
+138.10000E-03,+2.74987435E+00,+6.36275358E+00
+138.12500E-03,+2.76746229E+00,+6.43350735E+00
+138.15000E-03,+2.70967334E+00,+6.43571841E+00
+138.17500E-03,+2.72977384E+00,+6.48657268E+00
+138.20000E-03,+2.74987435E+00,+6.57501489E+00
+138.22500E-03,+2.74987435E+00,+6.62808022E+00
+138.25000E-03,+2.70967334E+00,+6.67893449E+00
+138.27500E-03,+2.72726128E+00,+6.71652243E+00
+138.30000E-03,+2.74736178E+00,+6.75189931E+00
+138.32500E-03,+2.72726128E+00,+6.80275358E+00
+138.35000E-03,+2.74987435E+00,+6.85802996E+00
+138.37500E-03,+2.74987435E+00,+6.87350735E+00
+138.40000E-03,+2.70967334E+00,+6.92878373E+00
+138.42500E-03,+2.70967334E+00,+6.94426112E+00
+138.45000E-03,+2.70967334E+00,+6.96416061E+00
+138.47500E-03,+2.70967334E+00,+6.99953750E+00
+138.50000E-03,+2.70967334E+00,+6.99953750E+00
+138.52500E-03,+2.72726128E+00,+7.05039177E+00
+138.55000E-03,+2.74987435E+00,+7.10345709E+00
+138.57500E-03,+2.74987435E+00,+7.14104503E+00
+138.60000E-03,+2.70967334E+00,+7.17421086E+00
+138.62500E-03,+2.70967334E+00,+7.17642192E+00
+138.65000E-03,+2.70967334E+00,+7.17642192E+00
+138.67500E-03,+2.68706028E+00,+7.21400986E+00
+138.70000E-03,+2.70967334E+00,+7.17863297E+00
+138.72500E-03,+2.66947234E+00,+7.22727619E+00
+138.75000E-03,+2.66947234E+00,+7.24496463E+00
+138.77500E-03,+2.67198490E+00,+7.22948724E+00
+138.80000E-03,+2.70716078E+00,+7.28034151E+00
+138.82500E-03,+2.68957284E+00,+7.24717569E+00
+138.85000E-03,+2.63178389E+00,+7.24717569E+00
+138.87500E-03,+2.71218590E+00,+7.21179880E+00
+138.90000E-03,+2.66947234E+00,+7.21179880E+00
+138.92500E-03,+2.66947234E+00,+7.21179880E+00
+138.95000E-03,+2.70716078E+00,+7.21179880E+00
+138.97500E-03,+2.66947234E+00,+7.17642192E+00
+139.00000E-03,+2.70967334E+00,+7.14104503E+00
+139.02500E-03,+2.70967334E+00,+7.10566815E+00
+139.05000E-03,+2.70464822E+00,+7.07029127E+00
+139.07500E-03,+2.66947234E+00,+7.07029127E+00
+139.10000E-03,+2.66947234E+00,+7.03270333E+00
+139.12500E-03,+2.66947234E+00,+6.99953750E+00
+139.15000E-03,+2.66947234E+00,+6.96194956E+00
+139.17500E-03,+2.67198490E+00,+6.91109529E+00
+139.20000E-03,+2.62927133E+00,+6.85802996E+00
+139.22500E-03,+2.64685927E+00,+6.80496464E+00
+139.25000E-03,+2.63178389E+00,+6.74968825E+00
+139.27500E-03,+2.66947234E+00,+6.69662293E+00
+139.30000E-03,+2.62927133E+00,+6.64576866E+00
+139.32500E-03,+2.62927133E+00,+6.61039177E+00
+139.35000E-03,+2.62927133E+00,+6.53742695E+00
+139.37500E-03,+2.64685927E+00,+6.45119580E+00
+139.40000E-03,+2.62927133E+00,+6.39591941E+00
+139.42500E-03,+2.66947234E+00,+6.32737670E+00
+139.45000E-03,+2.62927133E+00,+6.25662293E+00
+139.47500E-03,+2.66947234E+00,+6.18586916E+00
+139.50000E-03,+2.62927133E+00,+6.11511540E+00
+139.52500E-03,+2.64937183E+00,+6.02888424E+00
+139.55000E-03,+2.66695977E+00,+5.93823098E+00
+139.57500E-03,+2.58907033E+00,+5.86747721E+00
+139.60000E-03,+2.66444721E+00,+5.79672344E+00
+139.62500E-03,+2.62927133E+00,+5.72596967E+00
+139.65000E-03,+2.62675877E+00,+5.61983902E+00
+139.67500E-03,+2.60917083E+00,+5.54908525E+00
+139.70000E-03,+2.62675877E+00,+5.44295460E+00
+139.72500E-03,+2.59158289E+00,+5.35672345E+00
+139.75000E-03,+2.62675877E+00,+5.26607018E+00
+139.77500E-03,+2.60665827E+00,+5.15993953E+00
+139.80000E-03,+2.58907033E+00,+5.08918576E+00
+139.82500E-03,+2.62927133E+00,+5.00074355E+00
+139.85000E-03,+2.58907033E+00,+4.91230134E+00
+139.87500E-03,+2.58907033E+00,+4.78848225E+00
+139.90000E-03,+2.58907033E+00,+4.73541692E+00
+139.92500E-03,+2.58907033E+00,+4.64918576E+00
+139.95000E-03,+2.58907033E+00,+4.52536667E+00
+139.97500E-03,+2.58907033E+00,+4.48777873E+00
+140.00000E-03,+2.58907033E+00,+4.38385913E+00
+140.02500E-03,+2.58907033E+00,+4.32858275E+00
+140.05000E-03,+2.55138189E+00,+4.24014054E+00
+140.07500E-03,+2.58907033E+00,+4.18928627E+00
+140.10000E-03,+2.58907033E+00,+4.09863301E+00
+140.12500E-03,+2.56896983E+00,+4.02787924E+00
+140.15000E-03,+2.54886932E+00,+3.95712547E+00
+140.17500E-03,+2.58907033E+00,+3.92174859E+00
+140.20000E-03,+2.54886932E+00,+3.81561793E+00
+140.22500E-03,+2.54384420E+00,+3.80014055E+00
+140.25000E-03,+2.54886932E+00,+3.70727623E+00
+140.27500E-03,+2.52876882E+00,+3.67411040E+00
+140.30000E-03,+2.54886932E+00,+3.60335663E+00
+140.32500E-03,+2.58907033E+00,+3.53260286E+00
+140.35000E-03,+2.58655776E+00,+3.49722598E+00
+140.37500E-03,+2.56896983E+00,+3.47953754E+00
+140.40000E-03,+2.54886932E+00,+3.42647221E+00
+140.42500E-03,+2.54886932E+00,+3.37340688E+00
+140.45000E-03,+2.54886932E+00,+3.32034156E+00
+140.47500E-03,+2.52625626E+00,+3.33803000E+00
+140.50000E-03,+2.54886932E+00,+3.32034156E+00
+140.52500E-03,+2.56896983E+00,+3.28496467E+00
+140.55000E-03,+2.54886932E+00,+3.32034156E+00
+140.57500E-03,+2.54886932E+00,+3.28496467E+00
+140.60000E-03,+2.54886932E+00,+3.21642196E+00
+140.62500E-03,+2.54886932E+00,+3.19652246E+00
+140.65000E-03,+2.54886932E+00,+3.21421091E+00
+140.67500E-03,+2.52625626E+00,+3.14345714E+00
+140.70000E-03,+2.54635676E+00,+3.14345714E+00
+140.72500E-03,+2.51118088E+00,+3.09039181E+00
+140.75000E-03,+2.50866832E+00,+3.03732648E+00
+140.77500E-03,+2.52625626E+00,+3.03732648E+00
+140.80000E-03,+2.50866832E+00,+3.00416066E+00
+140.82500E-03,+2.48605525E+00,+3.00194960E+00
+140.85000E-03,+2.50615576E+00,+3.00194960E+00
+140.87500E-03,+2.50866832E+00,+2.98426116E+00
+140.90000E-03,+2.50866832E+00,+3.00194960E+00
+140.92500E-03,+2.50866832E+00,+2.98647221E+00
+140.95000E-03,+2.50615576E+00,+3.03732648E+00
+140.97500E-03,+2.48605525E+00,+3.00194960E+00
+141.00000E-03,+2.46846731E+00,+3.00194960E+00
+141.02500E-03,+2.46846731E+00,+2.98426116E+00
+141.05000E-03,+2.46846731E+00,+3.00194960E+00
+141.07500E-03,+2.48856782E+00,+3.03732648E+00
+141.10000E-03,+2.46846731E+00,+3.03732648E+00
+141.12500E-03,+2.48856782E+00,+3.07270337E+00
+141.15000E-03,+2.50866832E+00,+3.10808025E+00
+141.17500E-03,+2.48856782E+00,+3.14345714E+00
+141.20000E-03,+2.46846731E+00,+3.14345714E+00
+141.22500E-03,+2.46846731E+00,+3.18325613E+00
+141.25000E-03,+2.46846731E+00,+3.21421091E+00
+141.27500E-03,+2.46846731E+00,+3.23189935E+00
+141.30000E-03,+2.46595475E+00,+3.24958779E+00
+141.32500E-03,+2.44585425E+00,+3.28496467E+00
+141.35000E-03,+2.46846731E+00,+3.35571844E+00
+141.37500E-03,+2.46846731E+00,+3.37340688E+00
+141.40000E-03,+2.46595475E+00,+3.46184909E+00
+141.42500E-03,+2.48605525E+00,+3.47953754E+00
+141.45000E-03,+2.46846731E+00,+3.50164809E+00
+141.47500E-03,+2.44585425E+00,+3.56797975E+00
+141.50000E-03,+2.39057787E+00,+3.60777874E+00
+141.52500E-03,+2.42826631E+00,+3.69400989E+00
+141.55000E-03,+2.42826631E+00,+3.78024105E+00
+141.57500E-03,+2.44836681E+00,+3.85099482E+00
+141.60000E-03,+2.42826631E+00,+3.88637170E+00
+141.62500E-03,+2.42826631E+00,+3.96154758E+00
+141.65000E-03,+2.46595475E+00,+4.02787924E+00
+141.67500E-03,+2.42826631E+00,+4.09863301E+00
+141.70000E-03,+2.42826631E+00,+4.20476366E+00
+141.72500E-03,+2.42826631E+00,+4.24014054E+00
+141.75000E-03,+2.42826631E+00,+4.31310537E+00
+141.77500E-03,+2.42826631E+00,+4.39933652E+00
+141.80000E-03,+2.42826631E+00,+4.48998979E+00
+141.82500E-03,+2.40816581E+00,+4.59390938E+00
+141.85000E-03,+2.42826631E+00,+4.66466315E+00
+141.87500E-03,+2.40816581E+00,+4.75531642E+00
+141.90000E-03,+2.38806530E+00,+4.84154757E+00
+141.92500E-03,+2.40816581E+00,+4.93220084E+00
+141.95000E-03,+2.42575375E+00,+5.01843199E+00
+141.97500E-03,+2.40565324E+00,+5.10687420E+00
+142.00000E-03,+2.38806530E+00,+5.16215058E+00
+142.02500E-03,+2.40565324E+00,+5.26607018E+00
+142.05000E-03,+2.42826631E+00,+5.33682395E+00
+142.07500E-03,+2.38806530E+00,+5.40757772E+00
+142.10000E-03,+2.42826631E+00,+5.51370837E+00
+142.12500E-03,+2.40565324E+00,+5.58446214E+00
+142.15000E-03,+2.38806530E+00,+5.69059279E+00
+142.17500E-03,+2.36796480E+00,+5.74365811E+00
+142.20000E-03,+2.38806530E+00,+5.80114555E+00
+142.22500E-03,+2.38806530E+00,+5.86747721E+00
+142.25000E-03,+2.38555274E+00,+5.94044203E+00
+142.27500E-03,+2.38806530E+00,+6.02888424E+00
+142.30000E-03,+2.38806530E+00,+6.11732645E+00
+142.32500E-03,+2.38806530E+00,+6.15049228E+00
+142.35000E-03,+2.38806530E+00,+6.25662293E+00
+142.37500E-03,+2.38806530E+00,+6.29199982E+00
+142.40000E-03,+2.38806530E+00,+6.36275358E+00
+142.42500E-03,+2.34786430E+00,+6.40034152E+00
+142.45000E-03,+2.38806530E+00,+6.46888424E+00
+142.47500E-03,+2.38806530E+00,+6.55511539E+00
+142.50000E-03,+2.34786430E+00,+6.61039177E+00
+142.52500E-03,+2.34786430E+00,+6.64576866E+00
+142.55000E-03,+2.38806530E+00,+6.68114554E+00
+142.57500E-03,+2.34283917E+00,+6.73421087E+00
+142.60000E-03,+2.34786430E+00,+6.82044202E+00
+142.62500E-03,+2.34283917E+00,+6.85802996E+00
+142.65000E-03,+2.38555274E+00,+6.85802996E+00
+142.67500E-03,+2.30766330E+00,+6.91109529E+00
+142.70000E-03,+2.34786430E+00,+6.96416061E+00
+142.72500E-03,+2.36796480E+00,+6.99953750E+00
+142.75000E-03,+2.34786430E+00,+6.99953750E+00
+142.77500E-03,+2.34786430E+00,+7.05260282E+00
+142.80000E-03,+2.34786430E+00,+7.07029127E+00
+142.82500E-03,+2.32525123E+00,+7.08576865E+00
+142.85000E-03,+2.38555274E+00,+7.14104503E+00
+142.87500E-03,+2.32776380E+00,+7.17642192E+00
+142.90000E-03,+2.34786430E+00,+7.17642192E+00
+142.92500E-03,+2.32525123E+00,+7.17642192E+00
+142.95000E-03,+2.30766330E+00,+7.20958775E+00
+142.97500E-03,+2.32776380E+00,+7.22948724E+00
+143.00000E-03,+2.30766330E+00,+7.24717569E+00
+143.02500E-03,+2.34786430E+00,+7.26486413E+00
+143.05000E-03,+2.30766330E+00,+7.28255257E+00
+143.07500E-03,+2.30766330E+00,+7.28255257E+00
+143.10000E-03,+2.30766330E+00,+7.31792945E+00
+143.12500E-03,+2.30766330E+00,+7.33561790E+00
+143.15000E-03,+2.30515073E+00,+7.31792945E+00
+143.17500E-03,+2.28756279E+00,+7.31792945E+00
+143.20000E-03,+2.30766330E+00,+7.31792945E+00
+143.22500E-03,+2.28756279E+00,+7.33340684E+00
+143.25000E-03,+2.30515073E+00,+7.35330634E+00
+143.27500E-03,+2.30766330E+00,+7.35330634E+00
+143.30000E-03,+2.26746229E+00,+7.38647217E+00
+143.32500E-03,+2.28756279E+00,+7.37099478E+00
+143.35000E-03,+2.26746229E+00,+7.35330634E+00
+143.37500E-03,+2.28505023E+00,+7.37099478E+00
+143.40000E-03,+2.26746229E+00,+7.38868322E+00
+143.42500E-03,+2.26746229E+00,+7.38868322E+00
+143.45000E-03,+2.26746229E+00,+7.38868322E+00
+143.47500E-03,+2.30766330E+00,+7.38868322E+00
+143.50000E-03,+2.26746229E+00,+7.38647217E+00
+143.52500E-03,+2.26746229E+00,+7.35330634E+00
+143.55000E-03,+2.26746229E+00,+7.35330634E+00
+143.57500E-03,+2.24736179E+00,+7.38868322E+00
+143.60000E-03,+2.26494973E+00,+7.35330634E+00
+143.62500E-03,+2.24736179E+00,+7.40637166E+00
+143.65000E-03,+2.26746229E+00,+7.38868322E+00
+143.67500E-03,+2.26746229E+00,+7.37099478E+00
+143.70000E-03,+2.22726129E+00,+7.38868322E+00
+143.72500E-03,+2.26746229E+00,+7.37099478E+00
+143.75000E-03,+2.26746229E+00,+7.38868322E+00
+143.77500E-03,+2.24736179E+00,+7.37099478E+00
+143.80000E-03,+2.30263817E+00,+7.38426111E+00
+143.82500E-03,+2.24484923E+00,+7.35330634E+00
+143.85000E-03,+2.22726129E+00,+7.38647217E+00
+143.87500E-03,+2.24736179E+00,+7.35330634E+00
+143.90000E-03,+2.22726129E+00,+7.38647217E+00
+143.92500E-03,+2.24736179E+00,+7.35330634E+00
+143.95000E-03,+2.22726129E+00,+7.35330634E+00
+143.97500E-03,+2.22223616E+00,+7.37099478E+00
+144.00000E-03,+2.22726129E+00,+7.35330634E+00
+144.02500E-03,+2.22726129E+00,+7.35330634E+00
+144.05000E-03,+2.18706028E+00,+7.35330634E+00
+144.07500E-03,+2.24736179E+00,+7.33340684E+00
+144.10000E-03,+2.22474872E+00,+7.35109528E+00
+144.12500E-03,+2.22977385E+00,+7.35330634E+00
+144.15000E-03,+2.18706028E+00,+7.31792945E+00
+144.17500E-03,+2.22726129E+00,+7.35330634E+00
+144.20000E-03,+2.22726129E+00,+7.32014051E+00
+144.22500E-03,+2.20716078E+00,+7.33340684E+00
+144.25000E-03,+2.18706028E+00,+7.31792945E+00
+144.27500E-03,+2.20464822E+00,+7.33340684E+00
+144.30000E-03,+2.18706028E+00,+7.35109528E+00
+144.32500E-03,+2.18706028E+00,+7.33340684E+00
+144.35000E-03,+2.18706028E+00,+7.31792945E+00
+144.37500E-03,+2.18706028E+00,+7.30024101E+00
+144.40000E-03,+2.22223616E+00,+7.31571840E+00
+144.42500E-03,+2.18706028E+00,+7.31792945E+00
+144.45000E-03,+2.18706028E+00,+7.31792945E+00
+144.47500E-03,+2.18706028E+00,+7.32014051E+00
+144.50000E-03,+2.18706028E+00,+7.31571840E+00
+144.52500E-03,+2.18706028E+00,+7.29802996E+00
+144.55000E-03,+2.18706028E+00,+7.28255257E+00
+144.57500E-03,+2.16695978E+00,+7.28255257E+00
+144.60000E-03,+2.18706028E+00,+7.28255257E+00
+144.62500E-03,+2.18706028E+00,+7.28255257E+00
+144.65000E-03,+2.18454772E+00,+7.28255257E+00
+144.67500E-03,+2.18706028E+00,+7.29802996E+00
+144.70000E-03,+2.18706028E+00,+7.31571840E+00
+144.72500E-03,+2.18706028E+00,+7.28255257E+00
+144.75000E-03,+2.14685928E+00,+7.28255257E+00
+144.77500E-03,+2.14685928E+00,+7.28255257E+00
+144.80000E-03,+2.14685928E+00,+7.28255257E+00
+144.82500E-03,+2.16695978E+00,+7.24717569E+00
+144.85000E-03,+2.14685928E+00,+7.28034151E+00
+144.87500E-03,+2.16695978E+00,+7.26486413E+00
+144.90000E-03,+2.18454772E+00,+7.28034151E+00
+144.92500E-03,+2.14685928E+00,+7.28255257E+00
+144.95000E-03,+2.14685928E+00,+7.28255257E+00
+144.97500E-03,+2.14685928E+00,+7.24717569E+00
+145.00000E-03,+2.14685928E+00,+7.21179880E+00
+145.02500E-03,+2.12675877E+00,+7.24938674E+00
+145.05000E-03,+2.14685928E+00,+7.21179880E+00
+145.07500E-03,+2.14937184E+00,+7.24717569E+00
+145.10000E-03,+2.14434671E+00,+7.28034151E+00
+145.12500E-03,+2.10665827E+00,+7.24717569E+00
+145.15000E-03,+2.14434671E+00,+7.21400986E+00
+145.17500E-03,+2.12424621E+00,+7.22948724E+00
+145.20000E-03,+2.10665827E+00,+7.21179880E+00
+145.22500E-03,+2.10665827E+00,+7.21179880E+00
+145.25000E-03,+2.10665827E+00,+7.24496463E+00
+145.27500E-03,+2.10665827E+00,+7.21179880E+00
+145.30000E-03,+2.10665827E+00,+7.21179880E+00
+145.32500E-03,+2.12675877E+00,+7.21179880E+00
+145.35000E-03,+2.06645727E+00,+7.21179880E+00
+145.37500E-03,+2.10665827E+00,+7.21179880E+00
+145.40000E-03,+2.06645727E+00,+7.21179880E+00
+145.42500E-03,+2.10665827E+00,+7.19411036E+00
+145.45000E-03,+2.10665827E+00,+7.17642192E+00
+145.47500E-03,+2.10665827E+00,+7.21179880E+00
+145.50000E-03,+2.06645727E+00,+7.21179880E+00
+145.52500E-03,+2.10665827E+00,+7.19189930E+00
+145.55000E-03,+2.10665827E+00,+7.21179880E+00
+145.57500E-03,+2.08655777E+00,+7.17642192E+00
+145.60000E-03,+2.10665827E+00,+7.21179880E+00
+145.62500E-03,+2.08655777E+00,+7.17642192E+00
+145.65000E-03,+2.10414571E+00,+7.17642192E+00
+145.67500E-03,+2.08655777E+00,+7.17642192E+00
+145.70000E-03,+2.10414571E+00,+7.14104503E+00
+145.72500E-03,+2.08404521E+00,+7.19189930E+00
+145.75000E-03,+2.06645727E+00,+7.17642192E+00
+145.77500E-03,+2.06645727E+00,+7.17642192E+00
+145.80000E-03,+2.02625626E+00,+7.17642192E+00
+145.82500E-03,+2.06143214E+00,+7.15873348E+00
+145.85000E-03,+2.02625626E+00,+7.14104503E+00
+145.87500E-03,+2.04384420E+00,+7.15652242E+00
+145.90000E-03,+2.02625626E+00,+7.14104503E+00
+145.92500E-03,+2.02625626E+00,+7.13662292E+00
+145.95000E-03,+2.02625626E+00,+7.17421086E+00
+145.97500E-03,+2.06645727E+00,+7.14104503E+00
+146.00000E-03,+2.06394471E+00,+7.14104503E+00
+146.02500E-03,+2.06645727E+00,+7.15652242E+00
+146.05000E-03,+2.02625626E+00,+7.14104503E+00
+146.07500E-03,+2.02625626E+00,+7.14104503E+00
+146.10000E-03,+2.02625626E+00,+7.10566815E+00
+146.12500E-03,+2.06645727E+00,+7.12335659E+00
+146.15000E-03,+2.02625626E+00,+7.10566815E+00
+146.17500E-03,+2.02625626E+00,+7.10566815E+00
+146.20000E-03,+1.98856782E+00,+7.10566815E+00
+146.22500E-03,+2.02625626E+00,+7.10566815E+00
+146.25000E-03,+2.02625626E+00,+7.07250232E+00
+146.27500E-03,+2.02625626E+00,+7.10566815E+00
+146.30000E-03,+2.02625626E+00,+7.10345709E+00
+146.32500E-03,+2.04384420E+00,+7.08576865E+00
+146.35000E-03,+2.02625626E+00,+7.07250232E+00
+146.37500E-03,+2.02625626E+00,+7.08797971E+00
+146.40000E-03,+1.98605526E+00,+7.07029127E+00
+146.42500E-03,+2.00364320E+00,+7.08797971E+00
+146.45000E-03,+1.98605526E+00,+7.10345709E+00
+146.47500E-03,+2.02625626E+00,+7.07029127E+00
+146.50000E-03,+2.02374370E+00,+7.07029127E+00
+146.52500E-03,+1.98605526E+00,+7.07029127E+00
+146.55000E-03,+2.02374370E+00,+7.07029127E+00
+146.57500E-03,+1.98605526E+00,+7.07029127E+00
+146.60000E-03,+2.02374370E+00,+7.07029127E+00
+146.62500E-03,+1.96344219E+00,+7.08797971E+00
+146.65000E-03,+1.98605526E+00,+7.07029127E+00
+146.67500E-03,+2.00364320E+00,+7.07029127E+00
+146.70000E-03,+2.02374370E+00,+7.07029127E+00
+146.72500E-03,+1.96344219E+00,+7.05039177E+00
+146.75000E-03,+2.02374370E+00,+7.03491438E+00
+146.77500E-03,+1.98605526E+00,+7.05260282E+00
+146.80000E-03,+1.98354270E+00,+7.07029127E+00
+146.82500E-03,+1.98605526E+00,+7.05260282E+00
+146.85000E-03,+1.98605526E+00,+7.06808021E+00
+146.87500E-03,+1.98605526E+00,+7.05260282E+00
+146.90000E-03,+1.94585425E+00,+7.03491438E+00
+146.92500E-03,+1.96595476E+00,+7.03491438E+00
+146.95000E-03,+1.94585425E+00,+7.03491438E+00
+146.97500E-03,+1.96595476E+00,+7.01722594E+00
+147.00000E-03,+1.98354270E+00,+6.99953750E+00
+147.02500E-03,+1.96344219E+00,+7.03491438E+00
+147.05000E-03,+1.94585425E+00,+6.99953750E+00
+147.07500E-03,+1.96595476E+00,+7.03491438E+00
+147.10000E-03,+1.94585425E+00,+6.99953750E+00
+147.12500E-03,+1.96595476E+00,+6.99953750E+00
+147.15000E-03,+1.94334169E+00,+6.99953750E+00
+147.17500E-03,+1.96595476E+00,+7.01722594E+00
+147.20000E-03,+1.94585425E+00,+6.99953750E+00
+147.22500E-03,+1.96344219E+00,+6.99953750E+00
+147.25000E-03,+1.94585425E+00,+6.99953750E+00
+147.27500E-03,+1.94585425E+00,+6.99953750E+00
+147.30000E-03,+1.94585425E+00,+6.99732644E+00
+147.32500E-03,+1.94585425E+00,+6.98184906E+00
+147.35000E-03,+1.90565325E+00,+6.99732644E+00
+147.37500E-03,+1.90565325E+00,+6.98184906E+00
+147.40000E-03,+1.94585425E+00,+6.96416061E+00
+147.42500E-03,+1.90565325E+00,+6.96416061E+00
+147.45000E-03,+1.90565325E+00,+6.96416061E+00
+147.47500E-03,+1.90565325E+00,+6.96416061E+00
+147.50000E-03,+1.90565325E+00,+6.96416061E+00
+147.52500E-03,+1.92575375E+00,+6.94647217E+00
+147.55000E-03,+1.90565325E+00,+6.96416061E+00
+147.57500E-03,+1.90565325E+00,+6.92878373E+00
+147.60000E-03,+1.94585425E+00,+6.93099478E+00
+147.62500E-03,+1.88555275E+00,+6.92878373E+00
+147.65000E-03,+1.90565325E+00,+6.92878373E+00
+147.67500E-03,+1.86545224E+00,+6.94647217E+00
+147.70000E-03,+1.90314069E+00,+6.92878373E+00
+147.72500E-03,+1.88555275E+00,+6.91109529E+00
+147.75000E-03,+1.90565325E+00,+6.92878373E+00
+147.77500E-03,+1.90565325E+00,+6.90888423E+00
+147.80000E-03,+1.86545224E+00,+6.86024102E+00
+147.82500E-03,+1.90565325E+00,+6.89340685E+00
+147.85000E-03,+1.86545224E+00,+6.92657267E+00
+147.87500E-03,+1.88555275E+00,+6.89340685E+00
+147.90000E-03,+1.90565325E+00,+6.86024102E+00
+147.92500E-03,+1.86545224E+00,+6.89340685E+00
+147.95000E-03,+1.86545224E+00,+6.89119579E+00
+147.97500E-03,+1.86545224E+00,+6.85802996E+00
+148.00000E-03,+1.90314069E+00,+6.85802996E+00
+148.02500E-03,+1.84535174E+00,+6.89340685E+00
+148.05000E-03,+1.82525124E+00,+6.82265308E+00
+148.07500E-03,+1.84535174E+00,+6.85802996E+00
+148.10000E-03,+1.82525124E+00,+6.85802996E+00
+148.12500E-03,+1.88555275E+00,+6.85802996E+00
+148.15000E-03,+1.82525124E+00,+6.82265308E+00
+148.17500E-03,+1.86545224E+00,+6.82265308E+00
+148.20000E-03,+1.82525124E+00,+6.78727619E+00
+148.22500E-03,+1.84535174E+00,+6.80496464E+00
+148.25000E-03,+1.82525124E+00,+6.82265308E+00
+148.27500E-03,+1.82525124E+00,+6.76958775E+00
+148.30000E-03,+1.86545224E+00,+6.71652243E+00
+148.32500E-03,+1.82525124E+00,+6.75189931E+00
+148.35000E-03,+1.82525124E+00,+6.75189931E+00
+148.37500E-03,+1.84535174E+00,+6.73421087E+00
+148.40000E-03,+1.82525124E+00,+6.68114554E+00
+148.42500E-03,+1.82525124E+00,+6.71652243E+00
+148.45000E-03,+1.82525124E+00,+6.68114554E+00
+148.47500E-03,+1.82525124E+00,+6.67672343E+00
+148.50000E-03,+1.82525124E+00,+6.68114554E+00
+148.52500E-03,+1.84535174E+00,+6.62586916E+00
+148.55000E-03,+1.82525124E+00,+6.57501489E+00
+148.57500E-03,+1.84535174E+00,+6.60596966E+00
+148.60000E-03,+1.82525124E+00,+6.57501489E+00
+148.62500E-03,+1.80515074E+00,+6.55732645E+00
+148.65000E-03,+1.82525124E+00,+6.50426112E+00
+148.67500E-03,+1.80263818E+00,+6.53963801E+00
+148.70000E-03,+1.78505024E+00,+6.46888424E+00
+148.72500E-03,+1.80515074E+00,+6.48436162E+00
+148.75000E-03,+1.78505024E+00,+6.43350735E+00
+148.77500E-03,+1.78505024E+00,+6.45119580E+00
+148.80000E-03,+1.78505024E+00,+6.39813047E+00
+148.82500E-03,+1.78505024E+00,+6.34506514E+00
+148.85000E-03,+1.78505024E+00,+6.32737670E+00
+148.87500E-03,+1.78505024E+00,+6.29199982E+00
+148.90000E-03,+1.82022611E+00,+6.29199982E+00
+148.92500E-03,+1.78505024E+00,+6.25662293E+00
+148.95000E-03,+1.78505024E+00,+6.22124605E+00
+148.97500E-03,+1.80263818E+00,+6.18586916E+00
+149.00000E-03,+1.78505024E+00,+6.15270334E+00
+149.02500E-03,+1.78505024E+00,+6.13280384E+00
+149.05000E-03,+1.78505024E+00,+6.11511540E+00
+149.07500E-03,+1.78505024E+00,+6.07973851E+00
+149.10000E-03,+1.78505024E+00,+6.07973851E+00
+149.12500E-03,+1.78505024E+00,+6.00898474E+00
+149.15000E-03,+1.78505024E+00,+5.97360786E+00
+149.17500E-03,+1.78505024E+00,+5.95591942E+00
+149.20000E-03,+1.78253767E+00,+5.90506515E+00
+149.22500E-03,+1.76494973E+00,+5.86747721E+00
+149.25000E-03,+1.78505024E+00,+5.86747721E+00
+149.27500E-03,+1.78505024E+00,+5.79672344E+00
+149.30000E-03,+1.78505024E+00,+5.79672344E+00
+149.32500E-03,+1.74484923E+00,+5.72596967E+00
+149.35000E-03,+1.78505024E+00,+5.69059279E+00
+149.37500E-03,+1.74484923E+00,+5.65521590E+00
+149.40000E-03,+1.74484923E+00,+5.61983902E+00
+149.42500E-03,+1.76494973E+00,+5.60436163E+00
+149.45000E-03,+1.74484923E+00,+5.54908525E+00
+149.47500E-03,+1.70464823E+00,+5.51370837E+00
+149.50000E-03,+1.74233667E+00,+5.48054254E+00
+149.52500E-03,+1.74484923E+00,+5.44295460E+00
+149.55000E-03,+1.74484923E+00,+5.40757772E+00
+149.57500E-03,+1.74484923E+00,+5.40757772E+00
+149.60000E-03,+1.78002511E+00,+5.33903500E+00
+149.62500E-03,+1.72223617E+00,+5.30144706E+00
+149.65000E-03,+1.74484923E+00,+5.26607018E+00
+149.67500E-03,+1.74736179E+00,+5.25059279E+00
+149.70000E-03,+1.70464823E+00,+5.19973852E+00
+149.72500E-03,+1.72474873E+00,+5.19531641E+00
+149.75000E-03,+1.74233667E+00,+5.15993953E+00
+149.77500E-03,+1.70464823E+00,+5.15993953E+00
+149.80000E-03,+1.70464823E+00,+5.12456264E+00
+149.82500E-03,+1.68203516E+00,+5.12456264E+00
+149.85000E-03,+1.70464823E+00,+5.08918576E+00
+149.87500E-03,+1.70464823E+00,+5.07370837E+00
+149.90000E-03,+1.70213566E+00,+5.05380888E+00
+149.92500E-03,+1.70464823E+00,+5.05159782E+00
+149.95000E-03,+1.70213566E+00,+5.01843199E+00
+149.97500E-03,+1.68454772E+00,+5.01843199E+00
+150.00000E-03,+1.70464823E+00,+5.01843199E+00
+150.02500E-03,+1.66444722E+00,+5.00074355E+00
+150.05000E-03,+1.70213566E+00,+4.94988928E+00
+150.07500E-03,+1.68203516E+00,+5.01843199E+00
+150.10000E-03,+1.66444722E+00,+4.98305511E+00
+150.12500E-03,+1.68454772E+00,+4.94767822E+00
+150.15000E-03,+1.66444722E+00,+4.98305511E+00
+150.17500E-03,+1.68203516E+00,+4.94767822E+00
+150.20000E-03,+1.66444722E+00,+4.94988928E+00
+150.22500E-03,+1.66444722E+00,+4.96757772E+00
+150.25000E-03,+1.66444722E+00,+4.94767822E+00
+150.27500E-03,+1.68454772E+00,+4.92998978E+00
+150.30000E-03,+1.66444722E+00,+4.98305511E+00
+150.32500E-03,+1.68454772E+00,+4.92998978E+00
+150.35000E-03,+1.66444722E+00,+4.98305511E+00
+150.37500E-03,+1.66444722E+00,+4.96757772E+00
+150.40000E-03,+1.66444722E+00,+4.98305511E+00
+150.42500E-03,+1.66444722E+00,+4.94767822E+00
+150.45000E-03,+1.66444722E+00,+4.98526616E+00
+150.47500E-03,+1.64434672E+00,+5.00074355E+00
+150.50000E-03,+1.66444722E+00,+5.01843199E+00
+150.52500E-03,+1.62424622E+00,+5.03833149E+00
+150.55000E-03,+1.62173365E+00,+5.05380888E+00
+150.57500E-03,+1.64183416E+00,+5.05380888E+00
+150.60000E-03,+1.66193466E+00,+5.08918576E+00
+150.62500E-03,+1.64183416E+00,+5.08918576E+00
+150.65000E-03,+1.66444722E+00,+5.12456264E+00
+150.67500E-03,+1.64434672E+00,+5.14225109E+00
+150.70000E-03,+1.62424622E+00,+5.12677370E+00
+150.72500E-03,+1.62424622E+00,+5.15993953E+00
+150.75000E-03,+1.66193466E+00,+5.19531641E+00
+150.77500E-03,+1.60414572E+00,+5.23069330E+00
+150.80000E-03,+1.62424622E+00,+5.23290435E+00
+150.82500E-03,+1.64183416E+00,+5.30144706E+00
+150.85000E-03,+1.62424622E+00,+5.30144706E+00
+150.87500E-03,+1.62424622E+00,+5.35672345E+00
+150.90000E-03,+1.62173365E+00,+5.37441189E+00
+150.92500E-03,+1.62675878E+00,+5.39210033E+00
+150.95000E-03,+1.58404521E+00,+5.44295460E+00
+150.97500E-03,+1.60414572E+00,+5.47612043E+00
+151.00000E-03,+1.62173365E+00,+5.48054254E+00
+151.02500E-03,+1.62424622E+00,+5.51370837E+00
+151.05000E-03,+1.62173365E+00,+5.54908525E+00
+151.07500E-03,+1.58404521E+00,+5.58446214E+00
+151.10000E-03,+1.58404521E+00,+5.61983902E+00
+151.12500E-03,+1.60163315E+00,+5.65521590E+00
+151.15000E-03,+1.58404521E+00,+5.69059279E+00
+151.17500E-03,+1.58404521E+00,+5.71049229E+00
+151.20000E-03,+1.62424622E+00,+5.72818073E+00
+151.22500E-03,+1.58404521E+00,+5.78124605E+00
+151.25000E-03,+1.58404521E+00,+5.79672344E+00
+151.27500E-03,+1.54384421E+00,+5.83210032E+00
+151.30000E-03,+1.58404521E+00,+5.83431138E+00
+151.32500E-03,+1.58404521E+00,+5.90285409E+00
+151.35000E-03,+1.58153265E+00,+5.93823098E+00
+151.37500E-03,+1.56143215E+00,+5.93823098E+00
+151.40000E-03,+1.54384421E+00,+5.94044203E+00
+151.42500E-03,+1.58404521E+00,+6.00898474E+00
+151.45000E-03,+1.58153265E+00,+6.00898474E+00
+151.47500E-03,+1.56143215E+00,+6.02888424E+00
+151.50000E-03,+1.58153265E+00,+6.04657268E+00
+151.52500E-03,+1.54384421E+00,+6.09963801E+00
+151.55000E-03,+1.54384421E+00,+6.07973851E+00
+151.57500E-03,+1.54384421E+00,+6.11511540E+00
+151.60000E-03,+1.58153265E+00,+6.15049228E+00
+151.62500E-03,+1.56143215E+00,+6.15049228E+00
+151.65000E-03,+1.54384421E+00,+6.15270334E+00
+151.67500E-03,+1.52374371E+00,+6.18586916E+00
+151.70000E-03,+1.54384421E+00,+6.22124605E+00
+151.72500E-03,+1.54384421E+00,+6.20355761E+00
+151.75000E-03,+1.50364320E+00,+6.22345710E+00
+151.77500E-03,+1.54384421E+00,+6.22124605E+00
+151.80000E-03,+1.54384421E+00,+6.29199982E+00
+151.82500E-03,+1.54384421E+00,+6.25662293E+00
+151.85000E-03,+1.50364320E+00,+6.29199982E+00
+151.87500E-03,+1.56143215E+00,+6.29199982E+00
+151.90000E-03,+1.57902009E+00,+6.29199982E+00
+151.92500E-03,+1.54384421E+00,+6.30747720E+00
+151.95000E-03,+1.54133165E+00,+6.32295459E+00
+151.97500E-03,+1.50364320E+00,+6.32737670E+00
+152.00000E-03,+1.50364320E+00,+6.32737670E+00
+152.02500E-03,+1.50364320E+00,+6.32737670E+00
+152.05000E-03,+1.54384421E+00,+6.36275358E+00
+152.07500E-03,+1.50364320E+00,+6.34285409E+00
+152.10000E-03,+1.50364320E+00,+6.32737670E+00
+152.12500E-03,+1.50615577E+00,+6.37823097E+00
+152.15000E-03,+1.46344220E+00,+6.39591941E+00
+152.17500E-03,+1.50364320E+00,+6.38044203E+00
+152.20000E-03,+1.50113064E+00,+6.39813047E+00
+152.22500E-03,+1.46344220E+00,+6.37823097E+00
+152.25000E-03,+1.50364320E+00,+6.36275358E+00
+152.27500E-03,+1.48103014E+00,+6.39813047E+00
+152.30000E-03,+1.46344220E+00,+6.39591941E+00
+152.32500E-03,+1.48354270E+00,+6.39813047E+00
+152.35000E-03,+1.50364320E+00,+6.39813047E+00
+152.37500E-03,+1.48103014E+00,+6.37823097E+00
+152.40000E-03,+1.46344220E+00,+6.36275358E+00
+152.42500E-03,+1.50364320E+00,+6.39813047E+00
+152.45000E-03,+1.46344220E+00,+6.39813047E+00
+152.47500E-03,+1.46595476E+00,+6.39813047E+00
+152.50000E-03,+1.50113064E+00,+6.39813047E+00
+152.52500E-03,+1.48354270E+00,+6.39813047E+00
+152.55000E-03,+1.50113064E+00,+6.39813047E+00
+152.57500E-03,+1.48354270E+00,+6.38044203E+00
+152.60000E-03,+1.46344220E+00,+6.39813047E+00
+152.62500E-03,+1.46344220E+00,+6.38044203E+00
+152.65000E-03,+1.42575376E+00,+6.36275358E+00
+152.67500E-03,+1.46344220E+00,+6.39813047E+00
+152.70000E-03,+1.46344220E+00,+6.39591941E+00
+152.72500E-03,+1.46344220E+00,+6.39813047E+00
+152.75000E-03,+1.46344220E+00,+6.36275358E+00
+152.77500E-03,+1.42324119E+00,+6.39813047E+00
+152.80000E-03,+1.42324119E+00,+6.39591941E+00
+152.82500E-03,+1.44082913E+00,+6.38044203E+00
+152.85000E-03,+1.42324119E+00,+6.36275358E+00
+152.87500E-03,+1.42324119E+00,+6.36275358E+00
+152.90000E-03,+1.46092964E+00,+6.36275358E+00
+152.92500E-03,+1.44082913E+00,+6.37823097E+00
+152.95000E-03,+1.42324119E+00,+6.36275358E+00
+152.97500E-03,+1.42324119E+00,+6.34506514E+00
+153.00000E-03,+1.42324119E+00,+6.36275358E+00
+153.02500E-03,+1.42324119E+00,+6.32737670E+00
+153.05000E-03,+1.42324119E+00,+6.36275358E+00
+153.07500E-03,+1.42324119E+00,+6.36275358E+00
+153.10000E-03,+1.38304019E+00,+6.36275358E+00
+153.12500E-03,+1.42324119E+00,+6.34506514E+00
+153.15000E-03,+1.38304019E+00,+6.32737670E+00
+153.17500E-03,+1.42324119E+00,+6.34285409E+00
+153.20000E-03,+1.38304019E+00,+6.36054253E+00
+153.22500E-03,+1.42324119E+00,+6.34285409E+00
+153.25000E-03,+1.42324119E+00,+6.32737670E+00
+153.27500E-03,+1.42324119E+00,+6.32737670E+00
+153.30000E-03,+1.42324119E+00,+6.32737670E+00
+153.32500E-03,+1.40314069E+00,+6.32737670E+00
+153.35000E-03,+1.42324119E+00,+6.32737670E+00
+153.37500E-03,+1.42324119E+00,+6.30747720E+00
+153.40000E-03,+1.42324119E+00,+6.32516565E+00
+153.42500E-03,+1.38304019E+00,+6.32737670E+00
+153.45000E-03,+1.38304019E+00,+6.29199982E+00
+153.47500E-03,+1.40314069E+00,+6.32737670E+00
+153.50000E-03,+1.38304019E+00,+6.29199982E+00
+153.52500E-03,+1.38304019E+00,+6.30747720E+00
+153.55000E-03,+1.38304019E+00,+6.29199982E+00
+153.57500E-03,+1.40062813E+00,+6.30747720E+00
+153.60000E-03,+1.38304019E+00,+6.32737670E+00
+153.62500E-03,+1.40062813E+00,+6.29199982E+00
+153.65000E-03,+1.38052763E+00,+6.29199982E+00
+153.67500E-03,+1.38304019E+00,+6.32737670E+00
+153.70000E-03,+1.38052763E+00,+6.29199982E+00
+153.72500E-03,+1.36293969E+00,+6.29199982E+00
+153.75000E-03,+1.38304019E+00,+6.29199982E+00
+153.77500E-03,+1.36042712E+00,+6.29199982E+00
+153.80000E-03,+1.38304019E+00,+6.29199982E+00
+153.82500E-03,+1.36042712E+00,+6.27431137E+00
+153.85000E-03,+1.38052763E+00,+6.25883399E+00
+153.87500E-03,+1.34283919E+00,+6.27652243E+00
+153.90000E-03,+1.38052763E+00,+6.29199982E+00
+153.92500E-03,+1.34283919E+00,+6.27431137E+00
+153.95000E-03,+1.38052763E+00,+6.29199982E+00
+153.97500E-03,+1.34283919E+00,+6.27431137E+00
+154.00000E-03,+1.34032662E+00,+6.29199982E+00
+154.02500E-03,+1.36042712E+00,+6.25662293E+00
+154.05000E-03,+1.34283919E+00,+6.25662293E+00
+154.07500E-03,+1.32273868E+00,+6.24114555E+00
+154.10000E-03,+1.34283919E+00,+6.25662293E+00
+154.12500E-03,+1.30263818E+00,+6.27431137E+00
+154.15000E-03,+1.30263818E+00,+6.25662293E+00
+154.17500E-03,+1.34283919E+00,+6.22124605E+00
+154.20000E-03,+1.30263818E+00,+6.25662293E+00
+154.22500E-03,+1.32022612E+00,+6.25662293E+00
+154.25000E-03,+1.30263818E+00,+6.25662293E+00
+154.27500E-03,+1.32022612E+00,+6.24114555E+00
+154.30000E-03,+1.30263818E+00,+6.22124605E+00
+154.32500E-03,+1.30263818E+00,+6.22124605E+00
+154.35000E-03,+1.30263818E+00,+6.22124605E+00
+154.37500E-03,+1.30263818E+00,+6.20576866E+00
+154.40000E-03,+1.30263818E+00,+6.22124605E+00
+154.42500E-03,+1.30263818E+00,+6.22124605E+00
+154.45000E-03,+1.30263818E+00,+6.18586916E+00
+154.47500E-03,+1.30263818E+00,+6.20355761E+00
+154.50000E-03,+1.30012562E+00,+6.22124605E+00
+154.52500E-03,+1.28002512E+00,+6.20355761E+00
+154.55000E-03,+1.30263818E+00,+6.22124605E+00
+154.57500E-03,+1.28002512E+00,+6.20355761E+00
+154.60000E-03,+1.26243718E+00,+6.18586916E+00
+154.62500E-03,+1.28002512E+00,+6.20576866E+00
+154.65000E-03,+1.30263818E+00,+6.18808022E+00
+154.67500E-03,+1.26243718E+00,+6.18586916E+00
+154.70000E-03,+1.26243718E+00,+6.18808022E+00
+154.72500E-03,+1.28253768E+00,+6.20355761E+00
+154.75000E-03,+1.30263818E+00,+6.18586916E+00
+154.77500E-03,+1.26243718E+00,+6.16818072E+00
+154.80000E-03,+1.26243718E+00,+6.18808022E+00
+154.82500E-03,+1.26243718E+00,+6.17039178E+00
+154.85000E-03,+1.26243718E+00,+6.18586916E+00
+154.87500E-03,+1.26243718E+00,+6.16818072E+00
+154.90000E-03,+1.26243718E+00,+6.18586916E+00
+154.92500E-03,+1.28002512E+00,+6.15049228E+00
+154.95000E-03,+1.26243718E+00,+6.18365811E+00
+154.97500E-03,+1.23982411E+00,+6.15049228E+00
+155.00000E-03,+1.26243718E+00,+6.15270334E+00
+155.02500E-03,+1.22223617E+00,+6.15049228E+00
+155.05000E-03,+1.26243718E+00,+6.15049228E+00
+155.07500E-03,+1.26243718E+00,+6.15049228E+00
+155.10000E-03,+1.26243718E+00,+6.15049228E+00
+155.12500E-03,+1.22223617E+00,+6.13280384E+00
+155.15000E-03,+1.22223617E+00,+6.11953751E+00
+155.17500E-03,+1.23982411E+00,+6.15049228E+00
+155.20000E-03,+1.22223617E+00,+6.11511540E+00
+155.22500E-03,+1.26243718E+00,+6.13501489E+00
+155.25000E-03,+1.21972361E+00,+6.11511540E+00
+155.27500E-03,+1.24233667E+00,+6.13501489E+00
+155.30000E-03,+1.22223617E+00,+6.15049228E+00
+155.32500E-03,+1.19962311E+00,+6.11511540E+00
+155.35000E-03,+1.25992461E+00,+6.11511540E+00
+155.37500E-03,+1.21721105E+00,+6.09742695E+00
+155.40000E-03,+1.18203517E+00,+6.11511540E+00
+155.42500E-03,+1.19962311E+00,+6.11511540E+00
+155.45000E-03,+1.21972361E+00,+6.11511540E+00
+155.47500E-03,+1.23982411E+00,+6.11511540E+00
+155.50000E-03,+1.22223617E+00,+6.07973851E+00
+155.52500E-03,+1.20213567E+00,+6.07973851E+00
+155.55000E-03,+1.18203517E+00,+6.08194957E+00
+155.57500E-03,+1.20213567E+00,+6.07973851E+00
+155.60000E-03,+1.18203517E+00,+6.07973851E+00
+155.62500E-03,+1.20213567E+00,+6.09963801E+00
+155.65000E-03,+1.18203517E+00,+6.04657268E+00
+155.67500E-03,+1.18454773E+00,+6.06205007E+00
+155.70000E-03,+1.18203517E+00,+6.07973851E+00
+155.72500E-03,+1.18203517E+00,+6.07973851E+00
+155.75000E-03,+1.17952260E+00,+6.04657268E+00
+155.77500E-03,+1.19962311E+00,+6.06426113E+00
+155.80000E-03,+1.14183416E+00,+6.04657268E+00
+155.82500E-03,+1.18203517E+00,+6.06426113E+00
+155.85000E-03,+1.17952260E+00,+6.04436163E+00
+155.87500E-03,+1.18203517E+00,+6.02888424E+00
+155.90000E-03,+1.18203517E+00,+6.04436163E+00
+155.92500E-03,+1.16193466E+00,+6.00898474E+00
+155.95000E-03,+1.17952260E+00,+6.04436163E+00
+155.97500E-03,+1.12173366E+00,+6.02667319E+00
+156.00000E-03,+1.14183416E+00,+6.00898474E+00
+156.02500E-03,+1.14183416E+00,+6.00898474E+00
+156.05000E-03,+1.17952260E+00,+6.00898474E+00
+156.07500E-03,+1.18203517E+00,+5.99350736E+00
+156.10000E-03,+1.17952260E+00,+6.00898474E+00
+156.12500E-03,+1.15942210E+00,+5.99350736E+00
+156.15000E-03,+1.14183416E+00,+5.97360786E+00
+156.17500E-03,+1.12173366E+00,+5.97360786E+00
+156.20000E-03,+1.17952260E+00,+5.97360786E+00
+156.22500E-03,+1.10163316E+00,+5.95813047E+00
+156.25000E-03,+1.14183416E+00,+5.93823098E+00
+156.27500E-03,+1.11922110E+00,+5.95813047E+00
+156.30000E-03,+1.14183416E+00,+5.93823098E+00
+156.32500E-03,+1.12173366E+00,+5.93823098E+00
+156.35000E-03,+1.10163316E+00,+5.93823098E+00
+156.37500E-03,+1.11922110E+00,+5.92054253E+00
+156.40000E-03,+1.10163316E+00,+5.90285409E+00
+156.42500E-03,+1.10163316E+00,+5.92054253E+00
+156.45000E-03,+1.06394472E+00,+5.86747721E+00
+156.47500E-03,+1.12173366E+00,+5.84978877E+00
+156.50000E-03,+1.10163316E+00,+5.86747721E+00
+156.52500E-03,+1.10163316E+00,+5.85199982E+00
+156.55000E-03,+1.13680904E+00,+5.86747721E+00
+156.57500E-03,+1.10163316E+00,+5.83210032E+00
+156.60000E-03,+1.10163316E+00,+5.86747721E+00
+156.62500E-03,+1.11922110E+00,+5.83210032E+00
+156.65000E-03,+1.10163316E+00,+5.79672344E+00
+156.67500E-03,+1.10163316E+00,+5.79672344E+00
+156.70000E-03,+1.09912059E+00,+5.79672344E+00
+156.72500E-03,+1.09660803E+00,+5.77903500E+00
+156.75000E-03,+1.06143215E+00,+5.79672344E+00
+156.77500E-03,+1.08153266E+00,+5.72596967E+00
+156.80000E-03,+1.09912059E+00,+5.72596967E+00
+156.82500E-03,+1.10163316E+00,+5.74586917E+00
+156.85000E-03,+1.10163316E+00,+5.72596967E+00
+156.87500E-03,+1.07902009E+00,+5.72596967E+00
+156.90000E-03,+1.10163316E+00,+5.69059279E+00
+156.92500E-03,+1.06143215E+00,+5.69059279E+00
+156.95000E-03,+1.06143215E+00,+5.65742696E+00
+156.97500E-03,+1.10163316E+00,+5.65521590E+00
+157.00000E-03,+1.06143215E+00,+5.65521590E+00
+157.02500E-03,+1.06143215E+00,+5.63752746E+00
+157.05000E-03,+1.06143215E+00,+5.58446214E+00
+157.07500E-03,+1.06143215E+00,+5.61983902E+00
+157.10000E-03,+1.06143215E+00,+5.58446214E+00
+157.12500E-03,+1.06143215E+00,+5.54908525E+00
+157.15000E-03,+1.06143215E+00,+5.55129631E+00
+157.17500E-03,+1.06143215E+00,+5.54908525E+00
+157.20000E-03,+1.02123115E+00,+5.51370837E+00
+157.22500E-03,+1.08153266E+00,+5.51370837E+00
+157.25000E-03,+1.02123115E+00,+5.51370837E+00
+157.27500E-03,+1.02123115E+00,+5.47833148E+00
+157.30000E-03,+1.02123115E+00,+5.47833148E+00
+157.32500E-03,+1.06143215E+00,+5.47833148E+00
+157.35000E-03,+1.02123115E+00,+5.44516566E+00
+157.37500E-03,+1.02123115E+00,+5.44074354E+00
+157.40000E-03,+1.02123115E+00,+5.44295460E+00
+157.42500E-03,+1.02123115E+00,+5.40757772E+00
+157.45000E-03,+1.05891959E+00,+5.37441189E+00
+157.47500E-03,+1.06143215E+00,+5.37220083E+00
+157.50000E-03,+1.02123115E+00,+5.37220083E+00
+157.52500E-03,+1.02123115E+00,+5.37220083E+00
+157.55000E-03,+1.02123115E+00,+5.33682395E+00
+157.57500E-03,+1.02123115E+00,+5.36998978E+00
+157.60000E-03,+1.02123115E+00,+5.33903500E+00
+157.62500E-03,+998.61808E-03,+5.33682395E+00
+157.65000E-03,+1.02123115E+00,+5.33682395E+00
+157.67500E-03,+998.61808E-03,+5.33682395E+00
+157.70000E-03,+1.02123115E+00,+5.30365812E+00
+157.72500E-03,+1.02123115E+00,+5.30144706E+00
+157.75000E-03,+1.01871859E+00,+5.30144706E+00
+157.77500E-03,+1.00113065E+00,+5.30144706E+00
+157.80000E-03,+981.03014E-03,+5.26828123E+00
+157.82500E-03,+1.02123115E+00,+5.30144706E+00
+157.85000E-03,+981.03014E-03,+5.30365812E+00
+157.87500E-03,+1.00113065E+00,+5.30144706E+00
+157.90000E-03,+981.03014E-03,+5.30144706E+00
+157.92500E-03,+981.03014E-03,+5.26607018E+00
+157.95000E-03,+981.03014E-03,+5.30144706E+00
+157.97500E-03,+960.92964E-03,+5.26607018E+00
+158.00000E-03,+981.03014E-03,+5.26607018E+00
+158.02500E-03,+960.92964E-03,+5.28375862E+00
+158.05000E-03,+981.03014E-03,+5.26828123E+00
+158.07500E-03,+981.03014E-03,+5.25059279E+00
+158.10000E-03,+978.51758E-03,+5.26607018E+00
+158.12500E-03,+940.82914E-03,+5.23069330E+00
+158.15000E-03,+981.03014E-03,+5.26828123E+00
+158.17500E-03,+958.41708E-03,+5.26607018E+00
+158.20000E-03,+940.82914E-03,+5.26607018E+00
+158.22500E-03,+960.92964E-03,+5.26607018E+00
+158.25000E-03,+978.51758E-03,+5.33461289E+00
+158.27500E-03,+940.82914E-03,+5.27049229E+00
+158.30000E-03,+940.82914E-03,+5.26828123E+00
+158.32500E-03,+940.82914E-03,+5.30144706E+00
+158.35000E-03,+940.82914E-03,+5.30144706E+00
+158.37500E-03,+940.82914E-03,+5.28596968E+00
+158.40000E-03,+940.82914E-03,+5.26828123E+00
+158.42500E-03,+940.82914E-03,+5.30144706E+00
+158.45000E-03,+938.31658E-03,+5.26828123E+00
+158.47500E-03,+940.82914E-03,+5.32134656E+00
+158.50000E-03,+940.82914E-03,+5.36998978E+00
+158.52500E-03,+940.82914E-03,+5.33682395E+00
+158.55000E-03,+940.82914E-03,+5.33682395E+00
+158.57500E-03,+958.41708E-03,+5.35672345E+00
+158.60000E-03,+900.62813E-03,+5.33903500E+00
+158.62500E-03,+920.72864E-03,+5.37220083E+00
+158.65000E-03,+900.62813E-03,+5.34124606E+00
+158.67500E-03,+940.82914E-03,+5.35672345E+00
+158.70000E-03,+903.14070E-03,+5.37220083E+00
+158.72500E-03,+918.21607E-03,+5.40757772E+00
+158.75000E-03,+938.31658E-03,+5.40757772E+00
+158.77500E-03,+900.62813E-03,+5.40757772E+00
+158.80000E-03,+938.31658E-03,+5.44295460E+00
+158.82500E-03,+900.62813E-03,+5.42526616E+00
+158.85000E-03,+900.62813E-03,+5.44295460E+00
+158.87500E-03,+900.62813E-03,+5.42747721E+00
+158.90000E-03,+900.62813E-03,+5.44295460E+00
+158.92500E-03,+878.01507E-03,+5.46285410E+00
+158.95000E-03,+898.11557E-03,+5.47833148E+00
+158.97500E-03,+900.62813E-03,+5.47833148E+00
+159.00000E-03,+900.62813E-03,+5.47833148E+00
+159.02500E-03,+900.62813E-03,+5.47833148E+00
+159.05000E-03,+860.42713E-03,+5.48054254E+00
+159.07500E-03,+878.01507E-03,+5.49823098E+00
+159.10000E-03,+900.62813E-03,+5.51370837E+00
+159.12500E-03,+900.62813E-03,+5.49601993E+00
+159.15000E-03,+898.11557E-03,+5.51370837E+00
+159.17500E-03,+878.01507E-03,+5.53139681E+00
+159.20000E-03,+898.11557E-03,+5.51591942E+00
+159.22500E-03,+878.01507E-03,+5.53360787E+00
+159.25000E-03,+860.42713E-03,+5.51370837E+00
+159.27500E-03,+878.01507E-03,+5.54908525E+00
+159.30000E-03,+860.42713E-03,+5.55129631E+00
+159.32500E-03,+860.42713E-03,+5.53360787E+00
+159.35000E-03,+860.42713E-03,+5.51591942E+00
+159.37500E-03,+820.22613E-03,+5.56898475E+00
+159.40000E-03,+820.22613E-03,+5.58446214E+00
+159.42500E-03,+837.81406E-03,+5.54908525E+00
+159.45000E-03,+820.22613E-03,+5.58225108E+00
+159.47500E-03,+860.42713E-03,+5.58446214E+00
+159.50000E-03,+820.22613E-03,+5.58446214E+00
+159.52500E-03,+837.81406E-03,+5.56898475E+00
+159.55000E-03,+820.22613E-03,+5.58446214E+00
+159.57500E-03,+837.81406E-03,+5.60436163E+00
+159.60000E-03,+820.22613E-03,+5.61762796E+00
+159.62500E-03,+837.81406E-03,+5.58446214E+00
+159.65000E-03,+857.91457E-03,+5.58446214E+00
+159.67500E-03,+840.32663E-03,+5.58446214E+00
+159.70000E-03,+820.22613E-03,+5.61983902E+00
+159.72500E-03,+840.32663E-03,+5.60436163E+00
+159.75000E-03,+780.02512E-03,+5.58446214E+00
+159.77500E-03,+797.61306E-03,+5.60436163E+00
+159.80000E-03,+820.22613E-03,+5.58446214E+00
+159.82500E-03,+800.12562E-03,+5.60215058E+00
+159.85000E-03,+820.22613E-03,+5.58446214E+00
+159.87500E-03,+820.22613E-03,+5.58446214E+00
+159.90000E-03,+820.22613E-03,+5.61983902E+00
+159.92500E-03,+840.32663E-03,+5.58446214E+00
+159.95000E-03,+817.71356E-03,+5.61762796E+00
+159.97500E-03,+780.02512E-03,+5.58446214E+00
+160.00000E-03,+780.02512E-03,+5.58667319E+00
+160.02500E-03,+780.02512E-03,+5.58446214E+00
+160.05000E-03,+817.71356E-03,+5.58446214E+00
+160.07500E-03,+780.02512E-03,+5.58446214E+00
+160.10000E-03,+817.71356E-03,+5.61983902E+00
+160.12500E-03,+780.02512E-03,+5.58446214E+00
+160.15000E-03,+780.02512E-03,+5.58446214E+00
+160.17500E-03,+780.02512E-03,+5.58446214E+00
+160.20000E-03,+780.02512E-03,+5.58446214E+00
+160.22500E-03,+780.02512E-03,+5.58446214E+00
+160.25000E-03,+780.02512E-03,+5.58446214E+00
+160.27500E-03,+780.02512E-03,+5.58446214E+00
+160.30000E-03,+780.02512E-03,+5.58446214E+00
+160.32500E-03,+775.00000E-03,+5.56898475E+00
+160.35000E-03,+777.51256E-03,+5.55129631E+00
+160.37500E-03,+757.41206E-03,+5.54908525E+00
+160.40000E-03,+780.02512E-03,+5.58446214E+00
+160.42500E-03,+780.02512E-03,+5.54908525E+00
+160.45000E-03,+739.82412E-03,+5.55129631E+00
+160.47500E-03,+780.02512E-03,+5.54908525E+00
+160.50000E-03,+739.82412E-03,+5.54908525E+00
+160.52500E-03,+757.41206E-03,+5.54908525E+00
+160.55000E-03,+777.51256E-03,+5.54908525E+00
+160.57500E-03,+757.41206E-03,+5.53360787E+00
+160.60000E-03,+739.82412E-03,+5.54908525E+00
+160.62500E-03,+739.82412E-03,+5.54908525E+00
+160.65000E-03,+739.82412E-03,+5.51591942E+00
+160.67500E-03,+739.82412E-03,+5.53139681E+00
+160.70000E-03,+739.82412E-03,+5.51370837E+00
+160.72500E-03,+757.41206E-03,+5.51370837E+00
+160.75000E-03,+739.82412E-03,+5.51370837E+00
+160.77500E-03,+742.33668E-03,+5.54908525E+00
+160.80000E-03,+739.82412E-03,+5.51370837E+00
+160.82500E-03,+739.82412E-03,+5.51370837E+00
+160.85000E-03,+739.82412E-03,+5.48275359E+00
+160.87500E-03,+739.82412E-03,+5.53360787E+00
+160.90000E-03,+739.82412E-03,+5.48054254E+00
+160.92500E-03,+717.21105E-03,+5.51370837E+00
+160.95000E-03,+699.62311E-03,+5.51370837E+00
+160.97500E-03,+699.62311E-03,+5.49601993E+00
+161.00000E-03,+737.31155E-03,+5.48054254E+00
+161.02500E-03,+719.72361E-03,+5.51370837E+00
+161.05000E-03,+739.82412E-03,+5.47833148E+00
+161.07500E-03,+699.62311E-03,+5.49601993E+00
+161.10000E-03,+699.62311E-03,+5.47833148E+00
+161.12500E-03,+699.62311E-03,+5.49823098E+00
+161.15000E-03,+659.42211E-03,+5.47833148E+00
+161.17500E-03,+717.21105E-03,+5.47833148E+00
+161.20000E-03,+699.62311E-03,+5.47833148E+00
+161.22500E-03,+699.62311E-03,+5.49823098E+00
+161.25000E-03,+737.31155E-03,+5.47833148E+00
+161.27500E-03,+699.62311E-03,+5.46064304E+00
+161.30000E-03,+699.62311E-03,+5.47833148E+00
+161.32500E-03,+719.72361E-03,+5.46064304E+00
+161.35000E-03,+659.42211E-03,+5.47833148E+00
+161.37500E-03,+679.52261E-03,+5.47833148E+00
+161.40000E-03,+699.62311E-03,+5.44516566E+00
+161.42500E-03,+679.52261E-03,+5.46064304E+00
+161.45000E-03,+659.42211E-03,+5.47833148E+00
+161.47500E-03,+679.52261E-03,+5.46064304E+00
+161.50000E-03,+659.42211E-03,+5.40978877E+00
+161.52500E-03,+639.32160E-03,+5.42747721E+00
+161.55000E-03,+697.11055E-03,+5.44295460E+00
+161.57500E-03,+679.52261E-03,+5.42526616E+00
+161.60000E-03,+659.42211E-03,+5.40978877E+00
+161.62500E-03,+661.93467E-03,+5.42526616E+00
+161.65000E-03,+659.42211E-03,+5.44295460E+00
+161.67500E-03,+636.80904E-03,+5.42526616E+00
+161.70000E-03,+659.42211E-03,+5.44295460E+00
+161.72500E-03,+636.80904E-03,+5.42526616E+00
+161.75000E-03,+659.42211E-03,+5.40978877E+00
+161.77500E-03,+639.32160E-03,+5.38988927E+00
+161.80000E-03,+659.42211E-03,+5.40978877E+00
+161.82500E-03,+639.32160E-03,+5.40757772E+00
+161.85000E-03,+656.90954E-03,+5.40757772E+00
+161.87500E-03,+639.32160E-03,+5.40757772E+00
+161.90000E-03,+619.22110E-03,+5.40757772E+00
+161.92500E-03,+636.80904E-03,+5.40757772E+00
+161.95000E-03,+619.22110E-03,+5.40757772E+00
+161.97500E-03,+659.42211E-03,+5.39210033E+00
+162.00000E-03,+656.90954E-03,+5.40757772E+00
+162.02500E-03,+579.02010E-03,+5.40757772E+00
+162.05000E-03,+656.90954E-03,+5.40757772E+00
+162.07500E-03,+619.22110E-03,+5.38988927E+00
+162.10000E-03,+619.22110E-03,+5.37220083E+00
+162.12500E-03,+619.22110E-03,+5.35672345E+00
+162.15000E-03,+619.22110E-03,+5.33903500E+00
+162.17500E-03,+596.60804E-03,+5.33682395E+00
+162.20000E-03,+619.22110E-03,+5.37220083E+00
+162.22500E-03,+558.91960E-03,+5.37220083E+00
+162.25000E-03,+619.22110E-03,+5.37220083E+00
+162.27500E-03,+619.22110E-03,+5.37220083E+00
+162.30000E-03,+579.02010E-03,+5.37220083E+00
+162.32500E-03,+599.12060E-03,+5.33682395E+00
+162.35000E-03,+616.70854E-03,+5.33682395E+00
+162.37500E-03,+596.60804E-03,+5.35672345E+00
+162.40000E-03,+579.02010E-03,+5.33903500E+00
+162.42500E-03,+599.12060E-03,+5.35451239E+00
+162.45000E-03,+616.70854E-03,+5.33682395E+00
+162.47500E-03,+579.02010E-03,+5.33682395E+00
+162.50000E-03,+579.02010E-03,+5.33903500E+00
+162.52500E-03,+579.02010E-03,+5.33682395E+00
+162.55000E-03,+579.02010E-03,+5.37220083E+00
+162.57500E-03,+579.02010E-03,+5.33682395E+00
+162.60000E-03,+579.02010E-03,+5.30365812E+00
+162.62500E-03,+579.02010E-03,+5.30144706E+00
+162.65000E-03,+579.02010E-03,+5.33682395E+00
+162.67500E-03,+579.02010E-03,+5.32134656E+00
+162.70000E-03,+576.50754E-03,+5.30365812E+00
+162.72500E-03,+533.79397E-03,+5.32134656E+00
+162.75000E-03,+538.81909E-03,+5.33461289E+00
+162.77500E-03,+538.81909E-03,+5.32134656E+00
+162.80000E-03,+501.13065E-03,+5.30144706E+00
+162.82500E-03,+579.02010E-03,+5.31913551E+00
+162.85000E-03,+536.30653E-03,+5.30144706E+00
+162.87500E-03,+538.81909E-03,+5.28375862E+00
+162.90000E-03,+538.81909E-03,+5.30365812E+00
+162.92500E-03,+538.81909E-03,+5.30586917E+00
+162.95000E-03,+536.30653E-03,+5.26828123E+00
+162.97500E-03,+518.71859E-03,+5.28375862E+00
+163.00000E-03,+498.61809E-03,+5.26828123E+00
+163.02500E-03,+538.81909E-03,+5.28596968E+00
+163.05000E-03,+536.30653E-03,+5.30144706E+00
+163.07500E-03,+516.20603E-03,+5.28375862E+00
+163.10000E-03,+536.30653E-03,+5.26828123E+00
+163.12500E-03,+538.81909E-03,+5.26607018E+00
+163.15000E-03,+536.30653E-03,+5.26607018E+00
+163.17500E-03,+538.81909E-03,+5.26607018E+00
+163.20000E-03,+498.61809E-03,+5.26607018E+00
+163.22500E-03,+498.61809E-03,+5.24838174E+00
+163.25000E-03,+498.61809E-03,+5.26607018E+00
+163.27500E-03,+498.61809E-03,+5.25059279E+00
+163.30000E-03,+498.61809E-03,+5.26607018E+00
+163.32500E-03,+498.61809E-03,+5.26607018E+00
+163.35000E-03,+498.61809E-03,+5.26607018E+00
+163.37500E-03,+478.51759E-03,+5.24838174E+00
+163.40000E-03,+498.61809E-03,+5.19752747E+00
+163.42500E-03,+498.61809E-03,+5.24838174E+00
+163.45000E-03,+498.61809E-03,+5.23069330E+00
+163.47500E-03,+478.51759E-03,+5.21300485E+00
+163.50000E-03,+498.61809E-03,+5.19531641E+00
+163.52500E-03,+458.41708E-03,+5.23069330E+00
+163.55000E-03,+498.61809E-03,+5.23069330E+00
+163.57500E-03,+478.51759E-03,+5.24838174E+00
+163.60000E-03,+496.10553E-03,+5.23069330E+00
+163.62500E-03,+518.71859E-03,+5.23069330E+00
+163.65000E-03,+536.30653E-03,+5.26607018E+00
+163.67500E-03,+538.81909E-03,+5.23069330E+00
+163.70000E-03,+496.10553E-03,+5.23290435E+00
+163.72500E-03,+498.61809E-03,+5.25059279E+00
+163.75000E-03,+498.61809E-03,+5.23069330E+00
+163.77500E-03,+498.61809E-03,+5.23069330E+00
+163.80000E-03,+498.61809E-03,+5.26607018E+00
+163.82500E-03,+518.71859E-03,+5.26607018E+00
+163.85000E-03,+536.30653E-03,+5.26607018E+00
+163.87500E-03,+498.61809E-03,+5.26607018E+00
+163.90000E-03,+536.30653E-03,+5.23069330E+00
+163.92500E-03,+516.20603E-03,+5.26607018E+00
+163.95000E-03,+498.61809E-03,+5.26828123E+00
+163.97500E-03,+516.20603E-03,+5.24838174E+00
+164.00000E-03,+536.30653E-03,+5.26607018E+00
+164.02500E-03,+556.40703E-03,+5.28375862E+00
+164.05000E-03,+498.61809E-03,+5.30144706E+00
+164.07500E-03,+558.91960E-03,+5.28596968E+00
+164.10000E-03,+538.81909E-03,+5.26828123E+00
+164.12500E-03,+538.81909E-03,+5.28375862E+00
+164.15000E-03,+536.30653E-03,+5.26828123E+00
+164.17500E-03,+538.81909E-03,+5.28375862E+00
+164.20000E-03,+538.81909E-03,+5.26828123E+00
+164.22500E-03,+538.81909E-03,+5.30144706E+00
+164.25000E-03,+538.81909E-03,+5.26607018E+00
+164.27500E-03,+579.02010E-03,+5.32134656E+00
+164.30000E-03,+579.02010E-03,+5.33682395E+00
+164.32500E-03,+538.81909E-03,+5.30144706E+00
+164.35000E-03,+576.50754E-03,+5.33461289E+00
+164.37500E-03,+558.91960E-03,+5.33682395E+00
+164.40000E-03,+538.81909E-03,+5.30144706E+00
+164.42500E-03,+538.81909E-03,+5.31913551E+00
+164.45000E-03,+538.81909E-03,+5.33682395E+00
+164.47500E-03,+558.91960E-03,+5.33682395E+00
+164.50000E-03,+538.81909E-03,+5.33682395E+00
+164.52500E-03,+579.02010E-03,+5.31913551E+00
+164.55000E-03,+579.02010E-03,+5.30365812E+00
+164.57500E-03,+579.02010E-03,+5.33682395E+00
+164.60000E-03,+579.02010E-03,+5.33682395E+00
+164.62500E-03,+579.02010E-03,+5.35672345E+00
+164.65000E-03,+579.02010E-03,+5.33682395E+00
+164.67500E-03,+558.91960E-03,+5.33682395E+00
+164.70000E-03,+579.02010E-03,+5.33903500E+00
+164.72500E-03,+579.02010E-03,+5.33682395E+00
+164.75000E-03,+579.02010E-03,+5.33682395E+00
+164.77500E-03,+579.02010E-03,+5.37220083E+00
+164.80000E-03,+619.22110E-03,+5.37220083E+00
+164.82500E-03,+579.02010E-03,+5.33682395E+00
+164.85000E-03,+579.02010E-03,+5.33903500E+00
+164.87500E-03,+619.22110E-03,+5.39210033E+00
+164.90000E-03,+579.02010E-03,+5.37220083E+00
+164.92500E-03,+636.80904E-03,+5.40757772E+00
+164.95000E-03,+619.22110E-03,+5.40757772E+00
+164.97500E-03,+636.80904E-03,+5.39210033E+00
+165.00000E-03,+619.22110E-03,+5.40757772E+00
+165.02500E-03,+599.12060E-03,+5.35451239E+00
+165.05000E-03,+619.22110E-03,+5.40757772E+00
+165.07500E-03,+599.12060E-03,+5.39210033E+00
+165.10000E-03,+619.22110E-03,+5.37220083E+00
+165.12500E-03,+596.60804E-03,+5.40757772E+00
+165.15000E-03,+579.02010E-03,+5.40757772E+00
+165.17500E-03,+636.80904E-03,+5.40757772E+00
+165.20000E-03,+656.90954E-03,+5.40757772E+00
+165.22500E-03,+619.22110E-03,+5.42747721E+00
+165.25000E-03,+619.22110E-03,+5.40757772E+00
+165.27500E-03,+639.32160E-03,+5.40757772E+00
+165.30000E-03,+656.90954E-03,+5.40757772E+00
+165.32500E-03,+619.22110E-03,+5.40757772E+00
+165.35000E-03,+659.42211E-03,+5.40757772E+00
+165.37500E-03,+679.52261E-03,+5.44295460E+00
+165.40000E-03,+656.90954E-03,+5.44295460E+00
+165.42500E-03,+659.42211E-03,+5.44295460E+00
+165.45000E-03,+656.90954E-03,+5.44295460E+00
+165.47500E-03,+659.42211E-03,+5.40757772E+00
+165.50000E-03,+697.11055E-03,+5.40757772E+00
+165.52500E-03,+659.42211E-03,+5.42747721E+00
+165.55000E-03,+659.42211E-03,+5.44516566E+00
+165.57500E-03,+677.01005E-03,+5.44295460E+00
+165.60000E-03,+659.42211E-03,+5.44295460E+00
+165.62500E-03,+659.42211E-03,+5.46285410E+00
+165.65000E-03,+659.42211E-03,+5.47833148E+00
+165.67500E-03,+679.52261E-03,+5.47833148E+00
+165.70000E-03,+697.11055E-03,+5.44295460E+00
+165.72500E-03,+677.01005E-03,+5.47833148E+00
+165.75000E-03,+699.62311E-03,+5.44516566E+00
+165.77500E-03,+717.21105E-03,+5.46285410E+00
+165.80000E-03,+697.11055E-03,+5.51370837E+00
+165.82500E-03,+659.42211E-03,+5.47833148E+00
+165.85000E-03,+659.42211E-03,+5.48054254E+00
+165.87500E-03,+679.52261E-03,+5.49601993E+00
+165.90000E-03,+699.62311E-03,+5.51370837E+00
+165.92500E-03,+699.62311E-03,+5.49601993E+00
+165.95000E-03,+699.62311E-03,+5.51370837E+00
+165.97500E-03,+719.72361E-03,+5.47833148E+00
+166.00000E-03,+699.62311E-03,+5.48054254E+00
+166.02500E-03,+694.59799E-03,+5.47833148E+00
+166.05000E-03,+739.82412E-03,+5.48054254E+00
+166.07500E-03,+719.72361E-03,+5.53139681E+00
+166.10000E-03,+699.62311E-03,+5.51370837E+00
+166.12500E-03,+699.62311E-03,+5.51370837E+00
+166.15000E-03,+739.82412E-03,+5.48275359E+00
+166.17500E-03,+717.21105E-03,+5.51370837E+00
+166.20000E-03,+699.62311E-03,+5.54908525E+00
+166.22500E-03,+739.82412E-03,+5.51370837E+00
+166.25000E-03,+699.62311E-03,+5.51370837E+00
+166.27500E-03,+717.21105E-03,+5.53139681E+00
+166.30000E-03,+699.62311E-03,+5.51591942E+00
+166.32500E-03,+739.82412E-03,+5.53139681E+00
+166.35000E-03,+739.82412E-03,+5.51591942E+00
+166.37500E-03,+717.21105E-03,+5.53139681E+00
+166.40000E-03,+699.62311E-03,+5.51591942E+00
+166.42500E-03,+759.92462E-03,+5.54908525E+00
+166.45000E-03,+780.02512E-03,+5.54908525E+00
+166.47500E-03,+757.41206E-03,+5.54908525E+00
+166.50000E-03,+739.82412E-03,+5.54908525E+00
+166.52500E-03,+739.82412E-03,+5.54908525E+00
+166.55000E-03,+739.82412E-03,+5.54908525E+00
+166.57500E-03,+719.72361E-03,+5.56677369E+00
+166.60000E-03,+739.82412E-03,+5.54908525E+00
+166.62500E-03,+757.41206E-03,+5.56898475E+00
+166.65000E-03,+739.82412E-03,+5.55129631E+00
+166.67500E-03,+759.92462E-03,+5.54908525E+00
+166.70000E-03,+780.02512E-03,+5.58446214E+00
+166.72500E-03,+780.02512E-03,+5.58446214E+00
+166.75000E-03,+780.02512E-03,+5.54908525E+00
+166.77500E-03,+757.41206E-03,+5.56677369E+00
+166.80000E-03,+780.02512E-03,+5.58446214E+00
+166.82500E-03,+780.02512E-03,+5.56677369E+00
+166.85000E-03,+742.33668E-03,+5.58446214E+00
+166.87500E-03,+759.92462E-03,+5.58446214E+00
+166.90000E-03,+780.02512E-03,+5.55129631E+00
+166.92500E-03,+820.22613E-03,+5.60215058E+00
+166.95000E-03,+780.02512E-03,+5.58446214E+00
+166.97500E-03,+780.02512E-03,+5.58446214E+00
+167.00000E-03,+780.02512E-03,+5.58446214E+00
+167.02500E-03,+780.02512E-03,+5.60215058E+00
+167.05000E-03,+780.02512E-03,+5.61983902E+00
+167.07500E-03,+797.61306E-03,+5.60436163E+00
+167.10000E-03,+820.22613E-03,+5.61983902E+00
+167.12500E-03,+820.22613E-03,+5.60215058E+00
+167.15000E-03,+820.22613E-03,+5.61983902E+00
+167.17500E-03,+800.12562E-03,+5.61983902E+00
+167.20000E-03,+820.22613E-03,+5.65521590E+00
+167.22500E-03,+797.61306E-03,+5.61983902E+00
+167.25000E-03,+817.71356E-03,+5.61983902E+00
+167.27500E-03,+820.22613E-03,+5.61983902E+00
+167.30000E-03,+820.22613E-03,+5.65521590E+00
+167.32500E-03,+780.02512E-03,+5.63973852E+00
+167.35000E-03,+857.91457E-03,+5.62205008E+00
+167.37500E-03,+820.22613E-03,+5.67290435E+00
+167.40000E-03,+817.71356E-03,+5.65742696E+00
+167.42500E-03,+797.61306E-03,+5.63973852E+00
+167.45000E-03,+820.22613E-03,+5.65521590E+00
+167.47500E-03,+837.81406E-03,+5.65521590E+00
+167.50000E-03,+857.91457E-03,+5.65521590E+00
+167.52500E-03,+840.32663E-03,+5.67511540E+00
+167.55000E-03,+857.91457E-03,+5.65742696E+00
+167.57500E-03,+860.42713E-03,+5.63752746E+00
+167.60000E-03,+820.22613E-03,+5.69059279E+00
+167.62500E-03,+860.42713E-03,+5.67290435E+00
+167.65000E-03,+898.11557E-03,+5.65521590E+00
+167.67500E-03,+837.81406E-03,+5.69059279E+00
+167.70000E-03,+860.42713E-03,+5.65742696E+00
+167.72500E-03,+860.42713E-03,+5.67290435E+00
+167.75000E-03,+860.42713E-03,+5.69059279E+00
+167.77500E-03,+878.01507E-03,+5.67511540E+00
+167.80000E-03,+857.91457E-03,+5.69059279E+00
+167.82500E-03,+880.52763E-03,+5.67290435E+00
+167.85000E-03,+898.11557E-03,+5.72596967E+00
+167.87500E-03,+860.42713E-03,+5.69059279E+00
+167.90000E-03,+898.11557E-03,+5.69280384E+00
+167.92500E-03,+860.42713E-03,+5.68838173E+00
+167.95000E-03,+900.62813E-03,+5.65742696E+00
+167.97500E-03,+860.42713E-03,+5.70828123E+00
+168.00000E-03,+898.11557E-03,+5.72596967E+00
+168.02500E-03,+918.21607E-03,+5.70828123E+00
+168.05000E-03,+900.62813E-03,+5.72596967E+00
+168.07500E-03,+900.62813E-03,+5.71049229E+00
+168.10000E-03,+860.42713E-03,+5.72818073E+00
+168.12500E-03,+880.52763E-03,+5.72596967E+00
+168.15000E-03,+860.42713E-03,+5.72596967E+00
+168.17500E-03,+878.01507E-03,+5.72596967E+00
+168.20000E-03,+900.62813E-03,+5.72596967E+00
+168.22500E-03,+900.62813E-03,+5.72596967E+00
+168.25000E-03,+938.31658E-03,+5.72596967E+00
+168.27500E-03,+900.62813E-03,+5.72596967E+00
+168.30000E-03,+940.82914E-03,+5.72818073E+00
+168.32500E-03,+900.62813E-03,+5.74586917E+00
+168.35000E-03,+938.31658E-03,+5.72818073E+00
+168.37500E-03,+920.72864E-03,+5.74586917E+00
+168.40000E-03,+938.31658E-03,+5.72596967E+00
+168.42500E-03,+918.21607E-03,+5.76134656E+00
+168.45000E-03,+900.62813E-03,+5.75913550E+00
+168.47500E-03,+900.62813E-03,+5.76134656E+00
+168.50000E-03,+940.82914E-03,+5.76355761E+00
+168.52500E-03,+920.72864E-03,+5.74365811E+00
+168.55000E-03,+900.62813E-03,+5.76134656E+00
+168.57500E-03,+940.82914E-03,+5.76134656E+00
+168.60000E-03,+903.14070E-03,+5.72818073E+00
+168.62500E-03,+940.82914E-03,+5.74586917E+00
+168.65000E-03,+940.82914E-03,+5.76134656E+00
+168.67500E-03,+958.41708E-03,+5.74365811E+00
+168.70000E-03,+938.31658E-03,+5.76134656E+00
+168.72500E-03,+981.03014E-03,+5.78124605E+00
+168.75000E-03,+940.82914E-03,+5.76134656E+00
+168.77500E-03,+960.92964E-03,+5.76134656E+00
+168.80000E-03,+940.82914E-03,+5.76134656E+00
+168.82500E-03,+981.03014E-03,+5.76134656E+00
+168.85000E-03,+940.82914E-03,+5.79672344E+00
+168.87500E-03,+960.92964E-03,+5.74586917E+00
+168.90000E-03,+940.82914E-03,+5.76134656E+00
+168.92500E-03,+981.03014E-03,+5.77903500E+00
+168.95000E-03,+940.82914E-03,+5.76134656E+00
+168.97500E-03,+981.03014E-03,+5.79451239E+00
+169.00000E-03,+978.51758E-03,+5.72818073E+00
+169.02500E-03,+981.03014E-03,+5.76134656E+00
+169.05000E-03,+981.03014E-03,+5.79672344E+00
+169.07500E-03,+1.00113065E+00,+5.77903500E+00
+169.10000E-03,+981.03014E-03,+5.76134656E+00
+169.12500E-03,+1.00113065E+00,+5.77903500E+00
+169.15000E-03,+981.03014E-03,+5.76134656E+00
+169.17500E-03,+1.00113065E+00,+5.76576867E+00
+169.20000E-03,+940.82914E-03,+5.79451239E+00
+169.22500E-03,+976.00502E-03,+5.74365811E+00
+169.25000E-03,+981.03014E-03,+5.72818073E+00
+169.27500E-03,+981.03014E-03,+5.74365811E+00
+169.30000E-03,+981.03014E-03,+5.72818073E+00
+169.32500E-03,+1.00113065E+00,+5.72596967E+00
+169.35000E-03,+981.03014E-03,+5.79451239E+00
+169.37500E-03,+981.03014E-03,+5.76134656E+00
+169.40000E-03,+1.01871859E+00,+5.76134656E+00
+169.42500E-03,+1.02123115E+00,+5.74365811E+00
+169.45000E-03,+981.03014E-03,+5.72596967E+00
+169.47500E-03,+998.61808E-03,+5.72596967E+00
+169.50000E-03,+1.02123115E+00,+5.76134656E+00
+169.52500E-03,+1.04133165E+00,+5.74365811E+00
+169.55000E-03,+1.05891959E+00,+5.72818073E+00
+169.57500E-03,+1.02123115E+00,+5.70828123E+00
+169.60000E-03,+1.05891959E+00,+5.72596967E+00
+169.62500E-03,+1.04133165E+00,+5.72596967E+00
+169.65000E-03,+1.05891959E+00,+5.69059279E+00
+169.67500E-03,+1.06143215E+00,+5.69059279E+00
