x-axis,2
second,Volt
+170.40000E-03,
+170.45000E-03,
+170.50000E-03,+103.94724E-03
+170.55000E-03,+95.65578E-03
+170.60000E-03,+104.50000E-03
+170.65000E-03,+87.91709E-03
+170.70000E-03,+96.20855E-03
+170.75000E-03,+95.65578E-03
+170.80000E-03,+104.50000E-03
+170.85000E-03,+96.20855E-03
+170.90000E-03,+95.65578E-03
+170.95000E-03,+104.50000E-03
+171.00000E-03,+104.50000E-03
+171.05000E-03,+104.50000E-03
+171.10000E-03,+104.50000E-03
+171.15000E-03,+96.20855E-03
+171.20000E-03,+104.50000E-03
+171.25000E-03,+112.79146E-03
+171.30000E-03,+104.50000E-03
+171.35000E-03,+104.50000E-03
+171.40000E-03,+104.50000E-03
+171.45000E-03,+113.34422E-03
+171.50000E-03,+105.05277E-03
+171.55000E-03,+113.34422E-03
+171.60000E-03,+105.05277E-03
+171.65000E-03,+122.18845E-03
+171.70000E-03,+112.79146E-03
+171.75000E-03,+121.63568E-03
+171.80000E-03,+113.34422E-03
+171.85000E-03,+129.92714E-03
+171.90000E-03,+104.50000E-03
+171.95000E-03,+113.34422E-03
+172.00000E-03,+130.47990E-03
+172.05000E-03,+122.18845E-03
+172.10000E-03,+122.18845E-03
+172.15000E-03,+113.89699E-03
+172.20000E-03,+122.18845E-03
+172.25000E-03,+122.18845E-03
+172.30000E-03,+131.03267E-03
+172.35000E-03,+130.47990E-03
+172.40000E-03,+122.18845E-03
+172.45000E-03,+122.18845E-03
+172.50000E-03,+131.03267E-03
+172.55000E-03,+131.03267E-03
+172.60000E-03,+130.47990E-03
+172.65000E-03,+122.18845E-03
+172.70000E-03,+139.32412E-03
+172.75000E-03,+122.74121E-03
+172.80000E-03,+122.18845E-03
+172.85000E-03,+122.18845E-03
+172.90000E-03,+131.03267E-03
+172.95000E-03,+139.32412E-03
+173.00000E-03,+130.47990E-03
+173.05000E-03,+131.03267E-03
+173.10000E-03,+139.87689E-03
+173.15000E-03,+131.03267E-03
+173.20000E-03,+139.87689E-03
+173.25000E-03,+131.03267E-03
+173.30000E-03,+130.47990E-03
+173.35000E-03,+139.87689E-03
+173.40000E-03,+131.03267E-03
+173.45000E-03,+131.03267E-03
+173.50000E-03,+131.03267E-03
+173.55000E-03,+130.47990E-03
+173.60000E-03,+131.03267E-03
+173.65000E-03,+139.87689E-03
+173.70000E-03,+131.03267E-03
+173.75000E-03,+131.03267E-03
+173.80000E-03,+122.18845E-03
+173.85000E-03,+131.03267E-03
+173.90000E-03,+139.32412E-03
+173.95000E-03,+139.32412E-03
+174.00000E-03,+131.03267E-03
+174.05000E-03,+139.87689E-03
+174.10000E-03,+138.77136E-03
+174.15000E-03,+122.74121E-03
+174.20000E-03,+139.32412E-03
+174.25000E-03,+139.32412E-03
+174.30000E-03,+122.74121E-03
+174.35000E-03,+139.87689E-03
+174.40000E-03,+131.03267E-03
+174.45000E-03,+131.03267E-03
+174.50000E-03,+131.03267E-03
+174.55000E-03,+122.74121E-03
+174.60000E-03,+122.18845E-03
+174.65000E-03,+131.03267E-03
+174.70000E-03,+139.32412E-03
+174.75000E-03,+131.03267E-03
+174.80000E-03,+131.03267E-03
+174.85000E-03,+122.18845E-03
+174.90000E-03,+130.47990E-03
+174.95000E-03,+122.74121E-03
+175.00000E-03,+139.87689E-03
+175.05000E-03,+122.18845E-03
+175.10000E-03,+131.03267E-03
+175.15000E-03,+139.87689E-03
+175.20000E-03,+138.77136E-03
+175.25000E-03,+131.03267E-03
+175.30000E-03,+131.03267E-03
+175.35000E-03,+131.03267E-03
+175.40000E-03,+122.18845E-03
+175.45000E-03,+122.18845E-03
+175.50000E-03,+122.18845E-03
+175.55000E-03,+122.18845E-03
+175.60000E-03,+139.32412E-03
+175.65000E-03,+122.74121E-03
+175.70000E-03,+139.87689E-03
+175.75000E-03,+139.32412E-03
+175.80000E-03,+138.77136E-03
+175.85000E-03,+131.03267E-03
+175.90000E-03,+139.32412E-03
+175.95000E-03,+130.47990E-03
+176.00000E-03,+122.74121E-03
+176.05000E-03,+131.03267E-03
+176.10000E-03,+131.03267E-03
+176.15000E-03,+131.03267E-03
+176.20000E-03,+131.03267E-03
+176.25000E-03,+131.03267E-03
+176.30000E-03,+131.03267E-03
+176.35000E-03,+130.47990E-03
+176.40000E-03,+138.77136E-03
+176.45000E-03,+122.18845E-03
+176.50000E-03,+131.03267E-03
+176.55000E-03,+139.87689E-03
+176.60000E-03,+138.77136E-03
+176.65000E-03,+130.47990E-03
+176.70000E-03,+131.03267E-03
+176.75000E-03,+139.87689E-03
+176.80000E-03,+131.58543E-03
+176.85000E-03,+131.03267E-03
+176.90000E-03,+138.77136E-03
+176.95000E-03,+131.03267E-03
+177.00000E-03,+122.18845E-03
+177.05000E-03,+139.87689E-03
+177.10000E-03,+122.18845E-03
+177.15000E-03,+131.03267E-03
+177.20000E-03,+131.03267E-03
+177.25000E-03,+139.32412E-03
+177.30000E-03,+131.03267E-03
+177.35000E-03,+138.77136E-03
+177.40000E-03,+139.32412E-03
+177.45000E-03,+139.32412E-03
+177.50000E-03,+147.61558E-03
+177.55000E-03,+130.47990E-03
+177.60000E-03,+139.87689E-03
+177.65000E-03,+131.03267E-03
+177.70000E-03,+138.77136E-03
+177.75000E-03,+139.32412E-03
+177.80000E-03,+122.74121E-03
+177.85000E-03,+138.77136E-03
+177.90000E-03,+130.47990E-03
+177.95000E-03,+131.03267E-03
+178.00000E-03,+122.18845E-03
+178.05000E-03,+131.03267E-03
+178.10000E-03,+139.32412E-03
+178.15000E-03,+131.03267E-03
+178.20000E-03,+131.03267E-03
+178.25000E-03,+122.18845E-03
+178.30000E-03,+139.87689E-03
+178.35000E-03,+130.47990E-03
+178.40000E-03,+131.03267E-03
+178.45000E-03,+139.32412E-03
+178.50000E-03,+139.87689E-03
+178.55000E-03,+122.18845E-03
+178.60000E-03,+131.03267E-03
+178.65000E-03,+131.03267E-03
+178.70000E-03,+138.77136E-03
+178.75000E-03,+139.87689E-03
+178.80000E-03,+129.92714E-03
+178.85000E-03,+139.32412E-03
+178.90000E-03,+122.18845E-03
+178.95000E-03,+139.32412E-03
+179.00000E-03,+130.47990E-03
+179.05000E-03,+139.32412E-03
+179.10000E-03,+131.03267E-03
+179.15000E-03,+147.61558E-03
+179.20000E-03,+131.03267E-03
+179.25000E-03,+131.03267E-03
+179.30000E-03,+131.58543E-03
+179.35000E-03,+139.87689E-03
+179.40000E-03,+148.16834E-03
+179.45000E-03,+139.87689E-03
+179.50000E-03,+131.03267E-03
+179.55000E-03,+130.47990E-03
+179.60000E-03,+139.87689E-03
+179.65000E-03,+122.18845E-03
+179.70000E-03,+139.87689E-03
+179.75000E-03,+139.32412E-03
+179.80000E-03,+131.03267E-03
+179.85000E-03,+113.89699E-03
+179.90000E-03,+139.87689E-03
+179.95000E-03,+139.87689E-03
+180.00000E-03,+131.03267E-03
+180.05000E-03,+139.87689E-03
+180.10000E-03,+148.16834E-03
+180.15000E-03,+139.87689E-03
+180.20000E-03,+131.03267E-03
+180.25000E-03,+131.03267E-03
+180.30000E-03,+139.87689E-03
+180.35000E-03,+131.03267E-03
+180.40000E-03,+131.03267E-03
+180.45000E-03,+138.77136E-03
+180.50000E-03,+131.58543E-03
+180.55000E-03,+131.03267E-03
+180.60000E-03,+139.87689E-03
+180.65000E-03,+122.18845E-03
+180.70000E-03,+148.72111E-03
+180.75000E-03,+139.87689E-03
+180.80000E-03,+148.16834E-03
+180.85000E-03,+139.32412E-03
+180.90000E-03,+139.87689E-03
+180.95000E-03,+139.32412E-03
+181.00000E-03,+131.03267E-03
+181.05000E-03,+131.03267E-03
+181.10000E-03,+131.58543E-03
+181.15000E-03,+139.87689E-03
+181.20000E-03,+131.03267E-03
+181.25000E-03,+131.03267E-03
+181.30000E-03,+131.03267E-03
+181.35000E-03,+131.03267E-03
+181.40000E-03,+139.87689E-03
+181.45000E-03,+139.32412E-03
+181.50000E-03,+131.03267E-03
+181.55000E-03,+131.03267E-03
+181.60000E-03,+139.87689E-03
+181.65000E-03,+131.03267E-03
+181.70000E-03,+148.16834E-03
+181.75000E-03,+147.61558E-03
+181.80000E-03,+148.72111E-03
+181.85000E-03,+122.18845E-03
+181.90000E-03,+139.87689E-03
+181.95000E-03,+139.32412E-03
+182.00000E-03,+139.32412E-03
+182.05000E-03,+139.32412E-03
+182.10000E-03,+131.03267E-03
+182.15000E-03,+139.32412E-03
+182.20000E-03,+131.03267E-03
+182.25000E-03,+122.18845E-03
+182.30000E-03,+131.03267E-03
+182.35000E-03,+139.87689E-03
+182.40000E-03,+139.32412E-03
+182.45000E-03,+139.32412E-03
+182.50000E-03,+131.03267E-03
+182.55000E-03,+131.58543E-03
+182.60000E-03,+131.03267E-03
+182.65000E-03,+122.74121E-03
+182.70000E-03,+122.74121E-03
+182.75000E-03,+131.03267E-03
+182.80000E-03,+131.03267E-03
+182.85000E-03,+131.03267E-03
+182.90000E-03,+138.77136E-03
+182.95000E-03,+131.03267E-03
+183.00000E-03,+147.06282E-03
+183.05000E-03,+122.18845E-03
+183.10000E-03,+131.58543E-03
+183.15000E-03,+139.32412E-03
+183.20000E-03,+139.87689E-03
+183.25000E-03,+131.03267E-03
+183.30000E-03,+122.18845E-03
+183.35000E-03,+130.47990E-03
+183.40000E-03,+139.32412E-03
+183.45000E-03,+122.18845E-03
+183.50000E-03,+131.03267E-03
+183.55000E-03,+139.87689E-03
+183.60000E-03,+122.74121E-03
+183.65000E-03,+138.77136E-03
+183.70000E-03,+138.77136E-03
+183.75000E-03,+122.74121E-03
+183.80000E-03,+122.18845E-03
+183.85000E-03,+130.47990E-03
+183.90000E-03,+131.03267E-03
+183.95000E-03,+139.32412E-03
+184.00000E-03,+131.03267E-03
+184.05000E-03,+122.18845E-03
+184.10000E-03,+131.03267E-03
+184.15000E-03,+138.77136E-03
+184.20000E-03,+122.74121E-03
+184.25000E-03,+131.03267E-03
+184.30000E-03,+113.34422E-03
+184.35000E-03,+122.18845E-03
+184.40000E-03,+131.03267E-03
+184.45000E-03,+131.03267E-03
+184.50000E-03,+122.18845E-03
+184.55000E-03,+131.03267E-03
+184.60000E-03,+130.47990E-03
+184.65000E-03,+131.03267E-03
+184.70000E-03,+139.87689E-03
+184.75000E-03,+131.03267E-03
+184.80000E-03,+131.03267E-03
+184.85000E-03,+131.03267E-03
+184.90000E-03,+131.03267E-03
+184.95000E-03,+131.03267E-03
+185.00000E-03,+122.18845E-03
+185.05000E-03,+122.18845E-03
+185.10000E-03,+131.03267E-03
+185.15000E-03,+122.18845E-03
+185.20000E-03,+130.47990E-03
+185.25000E-03,+131.03267E-03
+185.30000E-03,+138.77136E-03
+185.35000E-03,+122.18845E-03
+185.40000E-03,+131.03267E-03
+185.45000E-03,+131.03267E-03
+185.50000E-03,+131.03267E-03
+185.55000E-03,+122.74121E-03
+185.60000E-03,+122.18845E-03
+185.65000E-03,+131.03267E-03
+185.70000E-03,+130.47990E-03
+185.75000E-03,+122.18845E-03
+185.80000E-03,+131.03267E-03
+185.85000E-03,+130.47990E-03
+185.90000E-03,+130.47990E-03
+185.95000E-03,+122.18845E-03
+186.00000E-03,+139.32412E-03
+186.05000E-03,+138.77136E-03
+186.10000E-03,+113.34422E-03
+186.15000E-03,+131.03267E-03
+186.20000E-03,+131.03267E-03
+186.25000E-03,+122.18845E-03
+186.30000E-03,+139.87689E-03
+186.35000E-03,+122.18845E-03
+186.40000E-03,+122.74121E-03
+186.45000E-03,+122.74121E-03
+186.50000E-03,+139.32412E-03
+186.55000E-03,+113.89699E-03
+186.60000E-03,+130.47990E-03
+186.65000E-03,+131.03267E-03
+186.70000E-03,+131.03267E-03
+186.75000E-03,+138.77136E-03
+186.80000E-03,+130.47990E-03
+186.85000E-03,+139.32412E-03
+186.90000E-03,+131.03267E-03
+186.95000E-03,+131.03267E-03
+187.00000E-03,+122.74121E-03
+187.05000E-03,+131.03267E-03
+187.10000E-03,+131.03267E-03
+187.15000E-03,+130.47990E-03
+187.20000E-03,+131.03267E-03
+187.25000E-03,+138.77136E-03
+187.30000E-03,+131.03267E-03
+187.35000E-03,+122.18845E-03
+187.40000E-03,+131.03267E-03
+187.45000E-03,+131.03267E-03
+187.50000E-03,+131.03267E-03
+187.55000E-03,+138.77136E-03
+187.60000E-03,+122.18845E-03
+187.65000E-03,+130.47990E-03
+187.70000E-03,+131.03267E-03
+187.75000E-03,+139.32412E-03
+187.80000E-03,+131.03267E-03
+187.85000E-03,+138.77136E-03
+187.90000E-03,+113.34422E-03
+187.95000E-03,+131.03267E-03
+188.00000E-03,+131.03267E-03
+188.05000E-03,+139.87689E-03
+188.10000E-03,+131.03267E-03
+188.15000E-03,+130.47990E-03
+188.20000E-03,+122.18845E-03
+188.25000E-03,+122.74121E-03
+188.30000E-03,+130.47990E-03
+188.35000E-03,+131.03267E-03
+188.40000E-03,+130.47990E-03
+188.45000E-03,+138.77136E-03
+188.50000E-03,+130.47990E-03
+188.55000E-03,+129.92714E-03
+188.60000E-03,+122.74121E-03
+188.65000E-03,+139.32412E-03
+188.70000E-03,+122.18845E-03
+188.75000E-03,+122.18845E-03
+188.80000E-03,+131.03267E-03
+188.85000E-03,+122.18845E-03
+188.90000E-03,+130.47990E-03
+188.95000E-03,+131.03267E-03
+189.00000E-03,+121.63568E-03
+189.05000E-03,+130.47990E-03
+189.10000E-03,+122.18845E-03
+189.15000E-03,+131.03267E-03
+189.20000E-03,+131.03267E-03
+189.25000E-03,+131.03267E-03
+189.30000E-03,+122.18845E-03
+189.35000E-03,+131.03267E-03
+189.40000E-03,+131.03267E-03
+189.45000E-03,+130.47990E-03
+189.50000E-03,+131.03267E-03
+189.55000E-03,+131.03267E-03
+189.60000E-03,+122.18845E-03
+189.65000E-03,+130.47990E-03
+189.70000E-03,+122.18845E-03
+189.75000E-03,+131.03267E-03
+189.80000E-03,+131.03267E-03
+189.85000E-03,+130.47990E-03
+189.90000E-03,+122.18845E-03
+189.95000E-03,+121.63568E-03
+190.00000E-03,+122.18845E-03
+190.05000E-03,+122.18845E-03
+190.10000E-03,+122.18845E-03
+190.15000E-03,+122.18845E-03
+190.20000E-03,+122.18845E-03
+190.25000E-03,+122.18845E-03
+190.30000E-03,+122.18845E-03
+190.35000E-03,+112.79146E-03
+190.40000E-03,+113.34422E-03
+190.45000E-03,+113.34422E-03
+190.50000E-03,+97.31407E-03
+190.55000E-03,+121.63568E-03
+190.60000E-03,+113.34422E-03
+190.65000E-03,+113.34422E-03
+190.70000E-03,+96.20855E-03
+190.75000E-03,+121.63568E-03
+190.80000E-03,+104.50000E-03
+190.85000E-03,+122.18845E-03
+190.90000E-03,+87.91709E-03
+190.95000E-03,+113.34422E-03
+191.00000E-03,+104.50000E-03
+191.05000E-03,+95.65578E-03
+191.10000E-03,+96.20855E-03
+191.15000E-03,+96.20855E-03
+191.20000E-03,+77.96734E-03
+191.25000E-03,+95.65578E-03
+191.30000E-03,+86.81156E-03
+191.35000E-03,+78.52010E-03
+191.40000E-03,+78.52010E-03
+191.45000E-03,+86.81156E-03
+191.50000E-03,+77.96734E-03
+191.55000E-03,+86.25880E-03
+191.60000E-03,+77.96734E-03
+191.65000E-03,+69.67588E-03
+191.70000E-03,+60.27890E-03
+191.75000E-03,+60.83166E-03
+191.80000E-03,+52.54020E-03
+191.85000E-03,+60.27890E-03
+191.90000E-03,+51.43468E-03
+191.95000E-03,+59.72613E-03
+192.00000E-03,+51.43468E-03
+192.05000E-03,+69.12312E-03
+192.10000E-03,+43.14322E-03
+192.15000E-03,+43.69598E-03
+192.20000E-03,+26.00754E-03
+192.25000E-03,+42.59046E-03
+192.30000E-03,+42.59046E-03
+192.35000E-03,+34.29900E-03
+192.40000E-03,+42.59046E-03
+192.45000E-03,+34.29900E-03
+192.50000E-03,+33.74624E-03
+192.55000E-03,+33.74624E-03
+192.60000E-03,+25.45478E-03
+192.65000E-03,+16.61056E-03
+192.70000E-03,+24.90201E-03
+192.75000E-03,+24.90201E-03
+192.80000E-03,+33.74624E-03
+192.85000E-03,+24.90201E-03
+192.90000E-03,+33.74624E-03
+192.95000E-03,+7.21357E-03
+193.00000E-03,+7.76634E-03
+193.05000E-03,+7.21357E-03
+193.10000E-03,+16.05779E-03
+193.15000E-03,+16.05779E-03
+193.20000E-03,+16.61056E-03
+193.25000E-03,+7.76634E-03
+193.30000E-03,+24.34925E-03
+193.35000E-03,+24.34925E-03
+193.40000E-03,+16.05779E-03
+193.45000E-03,+16.05779E-03
+193.50000E-03,+16.05779E-03
+193.55000E-03,+33.19347E-03
+193.60000E-03,+16.05779E-03
+193.65000E-03,+16.05779E-03
+193.70000E-03,+7.21357E-03
+193.75000E-03,+24.90201E-03
+193.80000E-03,+7.21357E-03
+193.85000E-03,+16.61056E-03
+193.90000E-03,+16.05779E-03
+193.95000E-03,+33.19347E-03
+194.00000E-03,+25.45478E-03
+194.05000E-03,+16.05779E-03
+194.10000E-03,+17.16332E-03
+194.15000E-03,+17.16332E-03
+194.20000E-03,+33.74624E-03
+194.25000E-03,+17.16332E-03
+194.30000E-03,+25.45478E-03
+194.35000E-03,+33.74624E-03
+194.40000E-03,+34.85176E-03
+194.45000E-03,+33.74624E-03
+194.50000E-03,+24.90201E-03
+194.55000E-03,+34.85176E-03
+194.60000E-03,+43.14322E-03
+194.65000E-03,+51.43468E-03
+194.70000E-03,+43.14322E-03
+194.75000E-03,+51.43468E-03
+194.80000E-03,+51.43468E-03
+194.85000E-03,+59.72613E-03
+194.90000E-03,+69.12312E-03
+194.95000E-03,+59.72613E-03
+195.00000E-03,+60.27890E-03
+195.05000E-03,+69.12312E-03
+195.10000E-03,+69.12312E-03
+195.15000E-03,+69.12312E-03
+195.20000E-03,+69.12312E-03
+195.25000E-03,+69.12312E-03
+195.30000E-03,+77.96734E-03
+195.35000E-03,+86.81156E-03
+195.40000E-03,+69.67588E-03
+195.45000E-03,+77.96734E-03
+195.50000E-03,+86.81156E-03
+195.55000E-03,+78.52010E-03
+195.60000E-03,+86.81156E-03
+195.65000E-03,+77.96734E-03
+195.70000E-03,+95.65578E-03
+195.75000E-03,+78.52010E-03
+195.80000E-03,+87.91709E-03
+195.85000E-03,+78.52010E-03
+195.90000E-03,+86.81156E-03
+195.95000E-03,+86.81156E-03
+196.00000E-03,+86.81156E-03
+196.05000E-03,+77.96734E-03
+196.10000E-03,+78.52010E-03
+196.15000E-03,+77.96734E-03
+196.20000E-03,+86.81156E-03
+196.25000E-03,+69.12312E-03
+196.30000E-03,+60.27890E-03
+196.35000E-03,+77.96734E-03
+196.40000E-03,+69.12312E-03
+196.45000E-03,+61.38443E-03
+196.50000E-03,+51.43468E-03
+196.55000E-03,+60.27890E-03
+196.60000E-03,+42.59046E-03
+196.65000E-03,+51.43468E-03
+196.70000E-03,+42.59046E-03
+196.75000E-03,+43.14322E-03
+196.80000E-03,+42.59046E-03
+196.85000E-03,+33.74624E-03
+196.90000E-03,+42.59046E-03
+196.95000E-03,+25.45478E-03
+197.00000E-03,+24.90201E-03
+197.05000E-03,+24.90201E-03
+197.10000E-03,+24.90201E-03
+197.15000E-03,+16.05779E-03
+197.20000E-03,+7.21357E-03
+197.25000E-03,+7.21357E-03
+197.30000E-03,+7.76634E-03
+197.35000E-03,+7.76634E-03
+197.40000E-03,-1.63065E-03
+197.45000E-03,-1.63065E-03
+197.50000E-03,-1.63065E-03
+197.55000E-03,-10.47487E-03
+197.60000E-03,+7.21357E-03
+197.65000E-03,-2.18341E-03
+197.70000E-03,-18.76633E-03
+197.75000E-03,-10.47487E-03
+197.80000E-03,-18.76633E-03
+197.85000E-03,-19.31909E-03
+197.90000E-03,-2.18341E-03
+197.95000E-03,-19.31909E-03
+198.00000E-03,-27.61055E-03
+198.05000E-03,-18.76633E-03
+198.10000E-03,-10.47487E-03
+198.15000E-03,-19.31909E-03
+198.20000E-03,-18.76633E-03
+198.25000E-03,-27.61055E-03
+198.30000E-03,-10.47487E-03
+198.35000E-03,-19.31909E-03
+198.40000E-03,-11.02763E-03
+198.45000E-03,-19.31909E-03
+198.50000E-03,-19.31909E-03
+198.55000E-03,-18.76633E-03
+198.60000E-03,-18.76633E-03
+198.65000E-03,-19.31909E-03
+198.70000E-03,-19.31909E-03
+198.75000E-03,-19.31909E-03
+198.80000E-03,-10.47487E-03
+198.85000E-03,-27.05778E-03
+198.90000E-03,-18.76633E-03
+198.95000E-03,-19.31909E-03
+199.00000E-03,-10.47487E-03
+199.05000E-03,-1.63065E-03
+199.10000E-03,-10.47487E-03
+199.15000E-03,-10.47487E-03
+199.20000E-03,-1.63065E-03
+199.25000E-03,-1.63065E-03
+199.30000E-03,-19.31909E-03
+199.35000E-03,-10.47487E-03
+199.40000E-03,-1.63065E-03
+199.45000E-03,+7.21357E-03
+199.50000E-03,-1.63065E-03
+199.55000E-03,-1.63065E-03
+199.60000E-03,-9.36934E-03
+199.65000E-03,-1.07789E-03
+199.70000E-03,+7.21357E-03
+199.75000E-03,+7.21357E-03
+199.80000E-03,+7.21357E-03
+199.85000E-03,+16.05779E-03
+199.90000E-03,+16.05779E-03
+199.95000E-03,+8.31910E-03
+200.00000E-03,+24.34925E-03
+200.05000E-03,+24.90201E-03
+200.10000E-03,+33.74624E-03
+200.15000E-03,+25.45478E-03
+200.20000E-03,+24.90201E-03
+200.25000E-03,+33.74624E-03
+200.30000E-03,+33.74624E-03
+200.35000E-03,+33.74624E-03
+200.40000E-03,+43.14322E-03
+200.45000E-03,+33.74624E-03
+200.50000E-03,+51.43468E-03
+200.55000E-03,+51.43468E-03
+200.60000E-03,+60.83166E-03
+200.65000E-03,+51.98744E-03
+200.70000E-03,+52.54020E-03
+200.75000E-03,+60.83166E-03
+200.80000E-03,+77.96734E-03
+200.85000E-03,+69.67588E-03
+200.90000E-03,+77.96734E-03
+200.95000E-03,+86.25880E-03
+201.00000E-03,+86.81156E-03
+201.05000E-03,+78.52010E-03
+201.10000E-03,+96.20855E-03
+201.15000E-03,+95.10302E-03
+201.20000E-03,+96.20855E-03
+201.25000E-03,+95.65578E-03
+201.30000E-03,+95.65578E-03
+201.35000E-03,+96.76131E-03
+201.40000E-03,+104.50000E-03
+201.45000E-03,+112.79146E-03
+201.50000E-03,+121.63568E-03
+201.55000E-03,+96.76131E-03
+201.60000E-03,+121.63568E-03
+201.65000E-03,+104.50000E-03
+201.70000E-03,+121.63568E-03
+201.75000E-03,+113.34422E-03
+201.80000E-03,+113.34422E-03
+201.85000E-03,+121.63568E-03
+201.90000E-03,+122.18845E-03
+201.95000E-03,+113.34422E-03
+202.00000E-03,+113.34422E-03
+202.05000E-03,+113.34422E-03
+202.10000E-03,+122.18845E-03
+202.15000E-03,+130.47990E-03
+202.20000E-03,+122.18845E-03
+202.25000E-03,+131.03267E-03
+202.30000E-03,+122.18845E-03
+202.35000E-03,+121.63568E-03
+202.40000E-03,+131.03267E-03
+202.45000E-03,+129.92714E-03
+202.50000E-03,+130.47990E-03
+202.55000E-03,+122.18845E-03
+202.60000E-03,+122.18845E-03
+202.65000E-03,+122.18845E-03
+202.70000E-03,+113.89699E-03
+202.75000E-03,+131.03267E-03
+202.80000E-03,+122.18845E-03
+202.85000E-03,+96.76131E-03
+202.90000E-03,+122.18845E-03
+202.95000E-03,+122.18845E-03
+203.00000E-03,+113.34422E-03
+203.05000E-03,+122.18845E-03
+203.10000E-03,+122.18845E-03
+203.15000E-03,+122.18845E-03
+203.20000E-03,+122.18845E-03
+203.25000E-03,+113.34422E-03
+203.30000E-03,+130.47990E-03
+203.35000E-03,+130.47990E-03
+203.40000E-03,+130.47990E-03
+203.45000E-03,+113.34422E-03
+203.50000E-03,+121.63568E-03
+203.55000E-03,+122.18845E-03
+203.60000E-03,+131.03267E-03
+203.65000E-03,+130.47990E-03
+203.70000E-03,+112.79146E-03
+203.75000E-03,+122.18845E-03
+203.80000E-03,+113.34422E-03
+203.85000E-03,+122.18845E-03
+203.90000E-03,+122.18845E-03
+203.95000E-03,+113.34422E-03
+204.00000E-03,+121.63568E-03
+204.05000E-03,+113.34422E-03
+204.10000E-03,+113.34422E-03
+204.15000E-03,+122.18845E-03
+204.20000E-03,+104.50000E-03
+204.25000E-03,+113.34422E-03
+204.30000E-03,+112.79146E-03
+204.35000E-03,+112.79146E-03
+204.40000E-03,+113.34422E-03
+204.45000E-03,+113.34422E-03
+204.50000E-03,+113.34422E-03
+204.55000E-03,+112.79146E-03
+204.60000E-03,+121.08292E-03
+204.65000E-03,+121.63568E-03
+204.70000E-03,+112.79146E-03
+204.75000E-03,+113.34422E-03
+204.80000E-03,+104.50000E-03
+204.85000E-03,+104.50000E-03
+204.90000E-03,+104.50000E-03
+204.95000E-03,+96.20855E-03
+205.00000E-03,+87.36432E-03
+205.05000E-03,+104.50000E-03
+205.10000E-03,+86.81156E-03
+205.15000E-03,+86.81156E-03
+205.20000E-03,+70.22865E-03
+205.25000E-03,+86.81156E-03
+205.30000E-03,+78.52010E-03
+205.35000E-03,+69.67588E-03
+205.40000E-03,+77.96734E-03
+205.45000E-03,+60.27890E-03
+205.50000E-03,+69.12312E-03
+205.55000E-03,+51.43468E-03
+205.60000E-03,+51.98744E-03
+205.65000E-03,+51.98744E-03
+205.70000E-03,+51.43468E-03
+205.75000E-03,+51.43468E-03
+205.80000E-03,+42.59046E-03
+205.85000E-03,+42.03769E-03
+205.90000E-03,+26.00754E-03
+205.95000E-03,+24.90201E-03
+206.00000E-03,+24.90201E-03
+206.05000E-03,+8.31910E-03
+206.10000E-03,+6.66081E-03
+206.15000E-03,-2.18341E-03
+206.20000E-03,-19.31909E-03
+206.25000E-03,-10.47487E-03
+206.30000E-03,-19.31909E-03
+206.35000E-03,-37.00753E-03
+206.40000E-03,-37.00753E-03
+206.45000E-03,-54.14321E-03
+206.50000E-03,-63.54020E-03
+206.55000E-03,-72.38442E-03
+206.60000E-03,-72.38442E-03
+206.65000E-03,-81.22864E-03
+206.70000E-03,-99.46984E-03
+206.75000E-03,-116.60552E-03
+206.80000E-03,-107.76130E-03
+206.85000E-03,-125.44974E-03
+206.90000E-03,-125.44974E-03
+206.95000E-03,-143.13819E-03
+207.00000E-03,-151.98241E-03
+207.05000E-03,-160.27386E-03
+207.10000E-03,-160.82663E-03
+207.15000E-03,-178.51507E-03
+207.20000E-03,-169.67085E-03
+207.25000E-03,-187.35929E-03
+207.30000E-03,-196.20351E-03
+207.35000E-03,-212.78643E-03
+207.40000E-03,-205.60050E-03
+207.45000E-03,-222.73617E-03
+207.50000E-03,-214.44472E-03
+207.55000E-03,-231.02763E-03
+207.60000E-03,-231.58040E-03
+207.65000E-03,-240.42462E-03
+207.70000E-03,-249.26884E-03
+207.75000E-03,-249.26884E-03
+207.80000E-03,-258.11306E-03
+207.85000E-03,-258.11306E-03
+207.90000E-03,-258.66582E-03
+207.95000E-03,-275.80150E-03
+208.00000E-03,-275.24874E-03
+208.05000E-03,-275.24874E-03
+208.10000E-03,-275.80150E-03
+208.15000E-03,-275.80150E-03
+208.20000E-03,-292.38441E-03
+208.25000E-03,-275.80150E-03
+208.30000E-03,-275.80150E-03
+208.35000E-03,-276.35426E-03
+208.40000E-03,-275.80150E-03
+208.45000E-03,-284.09296E-03
+208.50000E-03,-284.09296E-03
+208.55000E-03,-284.09296E-03
+208.60000E-03,-293.48994E-03
+208.65000E-03,-275.80150E-03
+208.70000E-03,-267.51004E-03
+208.75000E-03,-266.95728E-03
+208.80000E-03,-258.11306E-03
+208.85000E-03,-258.11306E-03
+208.90000E-03,-274.69597E-03
+208.95000E-03,-258.11306E-03
+209.00000E-03,-248.71607E-03
+209.05000E-03,-240.42462E-03
+209.10000E-03,-231.02763E-03
+209.15000E-03,-223.28894E-03
+209.20000E-03,-213.89195E-03
+209.25000E-03,-205.04773E-03
+209.30000E-03,-204.49497E-03
+209.35000E-03,-187.35929E-03
+209.40000E-03,-186.80653E-03
+209.45000E-03,-169.67085E-03
+209.50000E-03,-169.11808E-03
+209.55000E-03,-152.53517E-03
+209.60000E-03,-151.42964E-03
+209.65000E-03,-143.13819E-03
+209.70000E-03,-134.29396E-03
+209.75000E-03,-133.18844E-03
+209.80000E-03,-107.76130E-03
+209.85000E-03,-107.76130E-03
+209.90000E-03,-81.78140E-03
+209.95000E-03,-81.78140E-03
+210.00000E-03,-80.67587E-03
+210.05000E-03,-62.98743E-03
+210.10000E-03,-55.24874E-03
+210.15000E-03,-45.85175E-03
+210.20000E-03,-45.85175E-03
+210.25000E-03,-37.00753E-03
+210.30000E-03,-28.16331E-03
+210.35000E-03,-36.45477E-03
+210.40000E-03,-19.31909E-03
+210.45000E-03,-27.61055E-03
+210.50000E-03,-37.00753E-03
+210.55000E-03,-18.76633E-03
+210.60000E-03,-28.71608E-03
+210.65000E-03,-28.16331E-03
+210.70000E-03,-28.16331E-03
+210.75000E-03,-44.74623E-03
+210.80000E-03,-45.85175E-03
+210.85000E-03,-37.00753E-03
+210.90000E-03,-54.14321E-03
+210.95000E-03,-63.54020E-03
+211.00000E-03,-63.54020E-03
+211.05000E-03,-81.22864E-03
+211.10000E-03,-81.22864E-03
+211.15000E-03,-107.76130E-03
+211.20000E-03,-116.05276E-03
+211.25000E-03,-133.74120E-03
+211.30000E-03,-143.13819E-03
+211.35000E-03,-143.69095E-03
+211.40000E-03,-178.51507E-03
+211.45000E-03,-195.65075E-03
+211.50000E-03,-213.89195E-03
+211.55000E-03,-231.58040E-03
+211.60000E-03,-240.42462E-03
+211.65000E-03,-258.11306E-03
+211.70000E-03,-284.64572E-03
+211.75000E-03,-293.48994E-03
+211.80000E-03,-327.76130E-03
+211.85000E-03,-328.86683E-03
+211.90000E-03,-354.84673E-03
+211.95000E-03,-355.39949E-03
+212.00000E-03,-389.67085E-03
+212.05000E-03,-399.06783E-03
+212.10000E-03,-408.46482E-03
+212.15000E-03,-425.60049E-03
+212.20000E-03,-434.99748E-03
+212.25000E-03,-452.13316E-03
+212.30000E-03,-443.84170E-03
+212.35000E-03,-470.37436E-03
+212.40000E-03,-478.66582E-03
+212.45000E-03,-479.77135E-03
+212.50000E-03,-496.35426E-03
+212.55000E-03,-496.90703E-03
+212.60000E-03,-497.45979E-03
+212.65000E-03,-522.33416E-03
+212.70000E-03,-522.88692E-03
+212.75000E-03,-522.88692E-03
+212.80000E-03,-506.30401E-03
+212.85000E-03,-532.28391E-03
+212.90000E-03,-541.12813E-03
+212.95000E-03,-540.57537E-03
+213.00000E-03,-532.28391E-03
+213.05000E-03,-540.57537E-03
+213.10000E-03,-549.41959E-03
+213.15000E-03,-541.12813E-03
+213.20000E-03,-532.28391E-03
+213.25000E-03,-532.28391E-03
+213.30000E-03,-541.68089E-03
+213.35000E-03,-540.57537E-03
+213.40000E-03,-541.12813E-03
+213.45000E-03,-540.57537E-03
+213.50000E-03,-523.43969E-03
+213.55000E-03,-532.28391E-03
+213.60000E-03,-541.12813E-03
+213.65000E-03,-532.28391E-03
+213.70000E-03,-515.14823E-03
+213.75000E-03,-523.43969E-03
+213.80000E-03,-531.17838E-03
+213.85000E-03,-514.04270E-03
+213.90000E-03,-514.59547E-03
+213.95000E-03,-514.04270E-03
+214.00000E-03,-505.75125E-03
+214.05000E-03,-496.90703E-03
+214.10000E-03,-487.51004E-03
+214.15000E-03,-479.21858E-03
+214.20000E-03,-479.21858E-03
+214.25000E-03,-469.82160E-03
+214.30000E-03,-470.37436E-03
+214.35000E-03,-444.39446E-03
+214.40000E-03,-443.28894E-03
+214.45000E-03,-425.60049E-03
+214.50000E-03,-409.01758E-03
+214.55000E-03,-407.91205E-03
+214.60000E-03,-399.62059E-03
+214.65000E-03,-390.77637E-03
+214.70000E-03,-355.95225E-03
+214.75000E-03,-337.71105E-03
+214.80000E-03,-329.41959E-03
+214.85000E-03,-320.02261E-03
+214.90000E-03,-302.33416E-03
+214.95000E-03,-284.64572E-03
+215.00000E-03,-266.95728E-03
+215.05000E-03,-257.00753E-03
+215.10000E-03,-222.73617E-03
+215.15000E-03,-222.73617E-03
+215.20000E-03,-187.35929E-03
+215.25000E-03,-161.37939E-03
+215.30000E-03,-143.69095E-03
+215.35000E-03,-134.29396E-03
+215.40000E-03,-124.89698E-03
+215.45000E-03,-107.20854E-03
+215.50000E-03,-81.22864E-03
+215.55000E-03,-72.38442E-03
+215.60000E-03,-45.85175E-03
+215.65000E-03,-37.00753E-03
+215.70000E-03,-27.05778E-03
+215.75000E-03,-9.92211E-03
+215.80000E-03,-10.47487E-03
+215.85000E-03,+16.05779E-03
+215.90000E-03,+24.90201E-03
+215.95000E-03,+34.29900E-03
+216.00000E-03,+34.29900E-03
+216.05000E-03,+50.88191E-03
+216.10000E-03,+59.72613E-03
+216.15000E-03,+68.57036E-03
+216.20000E-03,+69.12312E-03
+216.25000E-03,+77.96734E-03
+216.30000E-03,+77.96734E-03
+216.35000E-03,+86.81156E-03
+216.40000E-03,+86.81156E-03
+216.45000E-03,+77.96734E-03
+216.50000E-03,+87.36432E-03
+216.55000E-03,+95.10302E-03
+216.60000E-03,+95.65578E-03
+216.65000E-03,+104.50000E-03
+216.70000E-03,+104.50000E-03
+216.75000E-03,+104.50000E-03
+216.80000E-03,+96.76131E-03
+216.85000E-03,+104.50000E-03
+216.90000E-03,+96.20855E-03
+216.95000E-03,+104.50000E-03
+217.00000E-03,+104.50000E-03
+217.05000E-03,+113.34422E-03
+217.10000E-03,+104.50000E-03
+217.15000E-03,+104.50000E-03
+217.20000E-03,+104.50000E-03
+217.25000E-03,+104.50000E-03
+217.30000E-03,+104.50000E-03
+217.35000E-03,+113.34422E-03
+217.40000E-03,+121.63568E-03
+217.45000E-03,+112.79146E-03
+217.50000E-03,+104.50000E-03
+217.55000E-03,+96.20855E-03
+217.60000E-03,+113.34422E-03
+217.65000E-03,+104.50000E-03
+217.70000E-03,+104.50000E-03
+217.75000E-03,+113.34422E-03
+217.80000E-03,+104.50000E-03
+217.85000E-03,+113.34422E-03
+217.90000E-03,+113.34422E-03
+217.95000E-03,+113.34422E-03
+218.00000E-03,+104.50000E-03
+218.05000E-03,+113.34422E-03
+218.10000E-03,+104.50000E-03
+218.15000E-03,+113.34422E-03
+218.20000E-03,+105.05277E-03
+218.25000E-03,+104.50000E-03
+218.30000E-03,+112.79146E-03
+218.35000E-03,+121.63568E-03
+218.40000E-03,+104.50000E-03
+218.45000E-03,+112.79146E-03
+218.50000E-03,+121.08292E-03
+218.55000E-03,+104.50000E-03
+218.60000E-03,+121.63568E-03
+218.65000E-03,+112.79146E-03
+218.70000E-03,+113.34422E-03
+218.75000E-03,+113.34422E-03
+218.80000E-03,+113.34422E-03
+218.85000E-03,+112.79146E-03
+218.90000E-03,+112.79146E-03
+218.95000E-03,+104.50000E-03
+219.00000E-03,+112.79146E-03
+219.05000E-03,+121.63568E-03
+219.10000E-03,+122.18845E-03
+219.15000E-03,+113.34422E-03
+219.20000E-03,+113.34422E-03
+219.25000E-03,+104.50000E-03
+219.30000E-03,+121.63568E-03
+219.35000E-03,+113.34422E-03
+219.40000E-03,+104.50000E-03
+219.45000E-03,+104.50000E-03
+219.50000E-03,+104.50000E-03
+219.55000E-03,+112.79146E-03
+219.60000E-03,+104.50000E-03
+219.65000E-03,+121.63568E-03
+219.70000E-03,+112.79146E-03
+219.75000E-03,+129.92714E-03
+219.80000E-03,+96.76131E-03
+219.85000E-03,+112.79146E-03
+219.90000E-03,+113.34422E-03
+219.95000E-03,+113.34422E-03
+220.00000E-03,+112.79146E-03
+220.05000E-03,+121.08292E-03
+220.10000E-03,+113.34422E-03
+220.15000E-03,+104.50000E-03
+220.20000E-03,+104.50000E-03
+220.25000E-03,+121.63568E-03
+220.30000E-03,+112.23870E-03
+220.35000E-03,+104.50000E-03
+220.40000E-03,+113.34422E-03
+220.45000E-03,+105.05277E-03
+220.50000E-03,+113.34422E-03
+220.55000E-03,+105.05277E-03
+220.60000E-03,+113.34422E-03
+220.65000E-03,+122.18845E-03
+220.70000E-03,+112.79146E-03
+220.75000E-03,+112.79146E-03
+220.80000E-03,+104.50000E-03
+220.85000E-03,+104.50000E-03
+220.90000E-03,+113.34422E-03
+220.95000E-03,+113.34422E-03
+221.00000E-03,+113.34422E-03
+221.05000E-03,+104.50000E-03
+221.10000E-03,+113.34422E-03
+221.15000E-03,+122.18845E-03
+221.20000E-03,+112.79146E-03
+221.25000E-03,+96.76131E-03
+221.30000E-03,+112.79146E-03
+221.35000E-03,+104.50000E-03
+221.40000E-03,+104.50000E-03
+221.45000E-03,+113.34422E-03
+221.50000E-03,+105.05277E-03
+221.55000E-03,+113.34422E-03
+221.60000E-03,+104.50000E-03
+221.65000E-03,+113.34422E-03
+221.70000E-03,+104.50000E-03
+221.75000E-03,+112.79146E-03
+221.80000E-03,+113.34422E-03
+221.85000E-03,+104.50000E-03
+221.90000E-03,+122.18845E-03
+221.95000E-03,+96.76131E-03
+222.00000E-03,+112.23870E-03
+222.05000E-03,+121.08292E-03
+222.10000E-03,+112.79146E-03
+222.15000E-03,+104.50000E-03
+222.20000E-03,+104.50000E-03
+222.25000E-03,+104.50000E-03
+222.30000E-03,+95.65578E-03
+222.35000E-03,+104.50000E-03
+222.40000E-03,+96.20855E-03
+222.45000E-03,+104.50000E-03
+222.50000E-03,+104.50000E-03
+222.55000E-03,+104.50000E-03
+222.60000E-03,+104.50000E-03
+222.65000E-03,+104.50000E-03
+222.70000E-03,+103.94724E-03
+222.75000E-03,+95.65578E-03
+222.80000E-03,+95.65578E-03
+222.85000E-03,+95.10302E-03
+222.90000E-03,+78.52010E-03
+222.95000E-03,+95.65578E-03
+223.00000E-03,+77.96734E-03
+223.05000E-03,+77.96734E-03
+223.10000E-03,+69.12312E-03
+223.15000E-03,+52.54020E-03
+223.20000E-03,+60.83166E-03
+223.25000E-03,+60.27890E-03
+223.30000E-03,+43.14322E-03
+223.35000E-03,+34.29900E-03
+223.40000E-03,+33.19347E-03
+223.45000E-03,+24.90201E-03
+223.50000E-03,+7.21357E-03
+223.55000E-03,-10.47487E-03
+223.60000E-03,-9.92211E-03
+223.65000E-03,-28.16331E-03
+223.70000E-03,-53.59045E-03
+223.75000E-03,-45.85175E-03
+223.80000E-03,-71.27889E-03
+223.85000E-03,-81.22864E-03
+223.90000E-03,-98.91708E-03
+223.95000E-03,-124.89698E-03
+224.00000E-03,-134.29396E-03
+224.05000E-03,-160.27386E-03
+224.10000E-03,-161.37939E-03
+224.15000E-03,-179.06783E-03
+224.20000E-03,-196.20351E-03
+224.25000E-03,-222.73617E-03
+224.30000E-03,-239.87185E-03
+224.35000E-03,-249.26884E-03
+224.40000E-03,-274.69597E-03
+224.45000E-03,-276.35426E-03
+224.50000E-03,-301.78140E-03
+224.55000E-03,-302.33416E-03
+224.60000E-03,-327.76130E-03
+224.65000E-03,-328.86683E-03
+224.70000E-03,-354.84673E-03
+224.75000E-03,-355.39949E-03
+224.80000E-03,-364.24371E-03
+224.85000E-03,-373.08793E-03
+224.90000E-03,-373.64070E-03
+224.95000E-03,-382.48492E-03
+225.00000E-03,-399.62059E-03
+225.05000E-03,-408.46482E-03
+225.10000E-03,-399.62059E-03
+225.15000E-03,-399.62059E-03
+225.20000E-03,-407.91205E-03
+225.25000E-03,-417.30904E-03
+225.30000E-03,-409.01758E-03
+225.35000E-03,-408.46482E-03
+225.40000E-03,-408.46482E-03
+225.45000E-03,-399.62059E-03
+225.50000E-03,-408.46482E-03
+225.55000E-03,-408.46482E-03
+225.60000E-03,-400.17336E-03
+225.65000E-03,-399.06783E-03
+225.70000E-03,-390.77637E-03
+225.75000E-03,-381.93215E-03
+225.80000E-03,-389.67085E-03
+225.85000E-03,-364.24371E-03
+225.90000E-03,-372.53517E-03
+225.95000E-03,-363.13818E-03
+226.00000E-03,-337.15828E-03
+226.05000E-03,-320.57537E-03
+226.10000E-03,-311.17838E-03
+226.15000E-03,-318.91708E-03
+226.20000E-03,-293.48994E-03
+226.25000E-03,-275.80150E-03
+226.30000E-03,-258.11306E-03
+226.35000E-03,-240.42462E-03
+226.40000E-03,-223.28894E-03
+226.45000E-03,-213.89195E-03
+226.50000E-03,-187.91205E-03
+226.55000E-03,-178.51507E-03
+226.60000E-03,-160.82663E-03
+226.65000E-03,-150.87688E-03
+226.70000E-03,-125.44974E-03
+226.75000E-03,-107.76130E-03
+226.80000E-03,-98.91708E-03
+226.85000E-03,-80.67587E-03
+226.90000E-03,-71.27889E-03
+226.95000E-03,-37.56030E-03
+227.00000E-03,-28.16331E-03
+227.05000E-03,-19.87185E-03
+227.10000E-03,-10.47487E-03
+227.15000E-03,+7.21357E-03
+227.20000E-03,+7.21357E-03
+227.25000E-03,+24.90201E-03
+227.30000E-03,+33.74624E-03
+227.35000E-03,+42.59046E-03
+227.40000E-03,+42.59046E-03
+227.45000E-03,+51.43468E-03
+227.50000E-03,+34.85176E-03
+227.55000E-03,+60.27890E-03
+227.60000E-03,+77.96734E-03
+227.65000E-03,+77.96734E-03
+227.70000E-03,+61.38443E-03
+227.75000E-03,+77.96734E-03
+227.80000E-03,+86.81156E-03
+227.85000E-03,+86.81156E-03
+227.90000E-03,+87.36432E-03
+227.95000E-03,+87.36432E-03
+228.00000E-03,+86.81156E-03
+228.05000E-03,+95.65578E-03
+228.10000E-03,+96.20855E-03
+228.15000E-03,+104.50000E-03
+228.20000E-03,+96.20855E-03
+228.25000E-03,+95.65578E-03
+228.30000E-03,+104.50000E-03
+228.35000E-03,+104.50000E-03
+228.40000E-03,+95.65578E-03
+228.45000E-03,+104.50000E-03
+228.50000E-03,+112.23870E-03
+228.55000E-03,+112.23870E-03
+228.60000E-03,+104.50000E-03
+228.65000E-03,+104.50000E-03
+228.70000E-03,+104.50000E-03
+228.75000E-03,+104.50000E-03
+228.80000E-03,+95.65578E-03
+228.85000E-03,+112.79146E-03
+228.90000E-03,+104.50000E-03
+228.95000E-03,+112.79146E-03
+229.00000E-03,+104.50000E-03
+229.05000E-03,+95.65578E-03
+229.10000E-03,+104.50000E-03
+229.15000E-03,+95.65578E-03
+229.20000E-03,+95.65578E-03
+229.25000E-03,+104.50000E-03
+229.30000E-03,+104.50000E-03
+229.35000E-03,+104.50000E-03
+229.40000E-03,+104.50000E-03
+229.45000E-03,+104.50000E-03
+229.50000E-03,+104.50000E-03
+229.55000E-03,+96.20855E-03
+229.60000E-03,+103.94724E-03
+229.65000E-03,+96.20855E-03
+229.70000E-03,+95.65578E-03
+229.75000E-03,+104.50000E-03
+229.80000E-03,+113.34422E-03
+229.85000E-03,+87.91709E-03
+229.90000E-03,+104.50000E-03
+229.95000E-03,+104.50000E-03
+230.00000E-03,+87.36432E-03
+230.05000E-03,+96.20855E-03
+230.10000E-03,+96.76131E-03
+230.15000E-03,+104.50000E-03
+230.20000E-03,+95.65578E-03
+230.25000E-03,+104.50000E-03
+230.30000E-03,+112.79146E-03
+230.35000E-03,+104.50000E-03
+230.40000E-03,+104.50000E-03
+230.45000E-03,+96.76131E-03
+230.50000E-03,+87.91709E-03
+230.55000E-03,+95.65578E-03
+230.60000E-03,+112.23870E-03
+230.65000E-03,+104.50000E-03
+230.70000E-03,+104.50000E-03
+230.75000E-03,+96.76131E-03
+230.80000E-03,+112.79146E-03
+230.85000E-03,+96.20855E-03
+230.90000E-03,+104.50000E-03
+230.95000E-03,+112.23870E-03
+231.00000E-03,+104.50000E-03
+231.05000E-03,+104.50000E-03
+231.10000E-03,+96.20855E-03
+231.15000E-03,+104.50000E-03
+231.20000E-03,+104.50000E-03
+231.25000E-03,+87.91709E-03
+231.30000E-03,+87.36432E-03
+231.35000E-03,+96.20855E-03
+231.40000E-03,+96.76131E-03
+231.45000E-03,+120.53015E-03
+231.50000E-03,+95.65578E-03
+231.55000E-03,+95.65578E-03
+231.60000E-03,+95.65578E-03
+231.65000E-03,+95.65578E-03
+231.70000E-03,+87.91709E-03
+231.75000E-03,+95.65578E-03
+231.80000E-03,+103.94724E-03
+231.85000E-03,+104.50000E-03
+231.90000E-03,+96.20855E-03
+231.95000E-03,+86.81156E-03
+232.00000E-03,+96.20855E-03
+232.05000E-03,+96.20855E-03
+232.10000E-03,+95.65578E-03
+232.15000E-03,+96.20855E-03
+232.20000E-03,+87.36432E-03
+232.25000E-03,+95.65578E-03
+232.30000E-03,+87.91709E-03
+232.35000E-03,+95.65578E-03
+232.40000E-03,+86.81156E-03
+232.45000E-03,+86.81156E-03
+232.50000E-03,+86.25880E-03
+232.55000E-03,+78.52010E-03
+232.60000E-03,+95.65578E-03
+232.65000E-03,+78.52010E-03
+232.70000E-03,+77.96734E-03
+232.75000E-03,+69.67588E-03
+232.80000E-03,+61.38443E-03
+232.85000E-03,+60.27890E-03
+232.90000E-03,+51.98744E-03
+232.95000E-03,+60.27890E-03
+233.00000E-03,+34.85176E-03
+233.05000E-03,+33.74624E-03
+233.10000E-03,+50.88191E-03
+233.15000E-03,+34.29900E-03
+233.20000E-03,+24.90201E-03
+233.25000E-03,+25.45478E-03
+233.30000E-03,+7.76634E-03
+233.35000E-03,+8.31910E-03
+233.40000E-03,+7.21357E-03
+233.45000E-03,-9.36934E-03
+233.50000E-03,-10.47487E-03
+233.55000E-03,-19.31909E-03
+233.60000E-03,-18.21356E-03
+233.65000E-03,-28.16331E-03
+233.70000E-03,-28.16331E-03
+233.75000E-03,-37.00753E-03
+233.80000E-03,-45.85175E-03
+233.85000E-03,-37.00753E-03
+233.90000E-03,-63.54020E-03
+233.95000E-03,-72.38442E-03
+234.00000E-03,-63.54020E-03
+234.05000E-03,-72.38442E-03
+234.10000E-03,-72.38442E-03
+234.15000E-03,-90.07286E-03
+234.20000E-03,-97.81155E-03
+234.25000E-03,-90.07286E-03
+234.30000E-03,-90.07286E-03
+234.35000E-03,-107.20854E-03
+234.40000E-03,-90.07286E-03
+234.45000E-03,-98.91708E-03
+234.50000E-03,-107.20854E-03
+234.55000E-03,-106.65577E-03
+234.60000E-03,-107.76130E-03
+234.65000E-03,-90.07286E-03
+234.70000E-03,-107.20854E-03
+234.75000E-03,-98.91708E-03
+234.80000E-03,-98.36432E-03
+234.85000E-03,-90.07286E-03
+234.90000E-03,-98.36432E-03
+234.95000E-03,-72.38442E-03
+235.00000E-03,-81.22864E-03
+235.05000E-03,-72.38442E-03
+235.10000E-03,-72.38442E-03
+235.15000E-03,-71.83165E-03
+235.20000E-03,-54.69598E-03
+235.25000E-03,-54.69598E-03
+235.30000E-03,-45.85175E-03
+235.35000E-03,-37.00753E-03
+235.40000E-03,-36.45477E-03
+235.45000E-03,-27.61055E-03
+235.50000E-03,-19.31909E-03
+235.55000E-03,-27.61055E-03
+235.60000E-03,-9.92211E-03
+235.65000E-03,-10.47487E-03
+235.70000E-03,-9.92211E-03
+235.75000E-03,+16.05779E-03
+235.80000E-03,+16.05779E-03
+235.85000E-03,+16.05779E-03
+235.90000E-03,+24.90201E-03
+235.95000E-03,+16.61056E-03
+236.00000E-03,+42.03769E-03
+236.05000E-03,+42.59046E-03
+236.10000E-03,+42.59046E-03
+236.15000E-03,+59.72613E-03
+236.20000E-03,+51.43468E-03
+236.25000E-03,+51.43468E-03
+236.30000E-03,+68.57036E-03
+236.35000E-03,+60.27890E-03
+236.40000E-03,+68.57036E-03
+236.45000E-03,+69.12312E-03
+236.50000E-03,+69.12312E-03
+236.55000E-03,+77.96734E-03
+236.60000E-03,+78.52010E-03
+236.65000E-03,+77.96734E-03
+236.70000E-03,+78.52010E-03
+236.75000E-03,+78.52010E-03
+236.80000E-03,+86.81156E-03
+236.85000E-03,+95.10302E-03
+236.90000E-03,+86.81156E-03
+236.95000E-03,+87.36432E-03
+237.00000E-03,+95.65578E-03
+237.05000E-03,+103.94724E-03
+237.10000E-03,+87.36432E-03
+237.15000E-03,+86.81156E-03
+237.20000E-03,+87.36432E-03
+237.25000E-03,+78.52010E-03
+237.30000E-03,+87.36432E-03
+237.35000E-03,+86.81156E-03
+237.40000E-03,+95.10302E-03
+237.45000E-03,+87.36432E-03
+237.50000E-03,+86.81156E-03
+237.55000E-03,+95.10302E-03
+237.60000E-03,+87.91709E-03
+237.65000E-03,+86.81156E-03
+237.70000E-03,+95.65578E-03
+237.75000E-03,+95.65578E-03
+237.80000E-03,+86.81156E-03
+237.85000E-03,+95.65578E-03
+237.90000E-03,+86.81156E-03
+237.95000E-03,+95.65578E-03
+238.00000E-03,+95.65578E-03
+238.05000E-03,+103.94724E-03
+238.10000E-03,+86.81156E-03
+238.15000E-03,+87.36432E-03
+238.20000E-03,+86.81156E-03
+238.25000E-03,+86.81156E-03
+238.30000E-03,+87.36432E-03
+238.35000E-03,+78.52010E-03
+238.40000E-03,+87.36432E-03
+238.45000E-03,+86.81156E-03
+238.50000E-03,+87.91709E-03
+238.55000E-03,+96.20855E-03
+238.60000E-03,+79.07287E-03
+238.65000E-03,+87.91709E-03
+238.70000E-03,+87.36432E-03
+238.75000E-03,+95.65578E-03
+238.80000E-03,+95.65578E-03
+238.85000E-03,+95.65578E-03
+238.90000E-03,+86.81156E-03
+238.95000E-03,+95.65578E-03
+239.00000E-03,+95.65578E-03
+239.05000E-03,+95.65578E-03
+239.10000E-03,+86.81156E-03
+239.15000E-03,+86.81156E-03
+239.20000E-03,+103.94724E-03
+239.25000E-03,+87.36432E-03
+239.30000E-03,+87.36432E-03
+239.35000E-03,+86.81156E-03
+239.40000E-03,+78.52010E-03
+239.45000E-03,+103.94724E-03
+239.50000E-03,+87.36432E-03
+239.55000E-03,+95.65578E-03
+239.60000E-03,+104.50000E-03
+239.65000E-03,+95.10302E-03
+239.70000E-03,+95.65578E-03
+239.75000E-03,+87.36432E-03
+239.80000E-03,+95.65578E-03
+239.85000E-03,+95.65578E-03
+239.90000E-03,+95.10302E-03
+239.95000E-03,+87.91709E-03
+240.00000E-03,+95.65578E-03
+240.05000E-03,+95.65578E-03
+240.10000E-03,+86.81156E-03
+240.15000E-03,+87.36432E-03
+240.20000E-03,+86.81156E-03
+240.25000E-03,+95.65578E-03
+240.30000E-03,+95.65578E-03
+240.35000E-03,+96.20855E-03
+240.40000E-03,+87.36432E-03
+240.45000E-03,+95.65578E-03
+240.50000E-03,+103.94724E-03
+240.55000E-03,+87.36432E-03
+240.60000E-03,+87.36432E-03
+240.65000E-03,+95.65578E-03
+240.70000E-03,+95.65578E-03
+240.75000E-03,+86.81156E-03
+240.80000E-03,+79.07287E-03
+240.85000E-03,+95.65578E-03
+240.90000E-03,+86.81156E-03
+240.95000E-03,+78.52010E-03
+241.00000E-03,+86.81156E-03
+241.05000E-03,+87.91709E-03
+241.10000E-03,+95.65578E-03
+241.15000E-03,+104.50000E-03
+241.20000E-03,+77.96734E-03
+241.25000E-03,+87.36432E-03
+241.30000E-03,+87.36432E-03
+241.35000E-03,+87.36432E-03
+241.40000E-03,+86.81156E-03
+241.45000E-03,+95.65578E-03
+241.50000E-03,+104.50000E-03
+241.55000E-03,+86.81156E-03
+241.60000E-03,+103.94724E-03
+241.65000E-03,+104.50000E-03
+241.70000E-03,+95.65578E-03
+241.75000E-03,+78.52010E-03
+241.80000E-03,+86.81156E-03
+241.85000E-03,+95.65578E-03
+241.90000E-03,+96.20855E-03
+241.95000E-03,+87.91709E-03
+242.00000E-03,+95.65578E-03
+242.05000E-03,+87.36432E-03
+242.10000E-03,+95.65578E-03
+242.15000E-03,+86.81156E-03
+242.20000E-03,+95.65578E-03
+242.25000E-03,+95.65578E-03
+242.30000E-03,+95.65578E-03
+242.35000E-03,+96.20855E-03
+242.40000E-03,+87.36432E-03
+242.45000E-03,+95.65578E-03
+242.50000E-03,+87.36432E-03
+242.55000E-03,+87.36432E-03
+242.60000E-03,+95.65578E-03
+242.65000E-03,+95.65578E-03
+242.70000E-03,+79.07287E-03
+242.75000E-03,+95.65578E-03
+242.80000E-03,+95.65578E-03
+242.85000E-03,+86.81156E-03
+242.90000E-03,+95.65578E-03
+242.95000E-03,+87.36432E-03
+243.00000E-03,+95.65578E-03
+243.05000E-03,+95.65578E-03
+243.10000E-03,+95.65578E-03
+243.15000E-03,+78.52010E-03
+243.20000E-03,+95.65578E-03
+243.25000E-03,+86.81156E-03
+243.30000E-03,+86.81156E-03
+243.35000E-03,+87.91709E-03
+243.40000E-03,+95.65578E-03
+243.45000E-03,+95.65578E-03
+243.50000E-03,+87.36432E-03
+243.55000E-03,+87.36432E-03
+243.60000E-03,+95.65578E-03
+243.65000E-03,+86.81156E-03
+243.70000E-03,+95.65578E-03
+243.75000E-03,+96.20855E-03
+243.80000E-03,+87.36432E-03
+243.85000E-03,+86.81156E-03
+243.90000E-03,+95.10302E-03
+243.95000E-03,+86.81156E-03
+244.00000E-03,+96.20855E-03
+244.05000E-03,+103.94724E-03
+244.10000E-03,+86.81156E-03
+244.15000E-03,+86.81156E-03
+244.20000E-03,+86.81156E-03
+244.25000E-03,+86.81156E-03
+244.30000E-03,+79.07287E-03
+244.35000E-03,+95.65578E-03
+244.40000E-03,+78.52010E-03
+244.45000E-03,+86.81156E-03
+244.50000E-03,+86.81156E-03
+244.55000E-03,+78.52010E-03
+244.60000E-03,+86.81156E-03
+244.65000E-03,+86.81156E-03
+244.70000E-03,+77.96734E-03
+244.75000E-03,+86.81156E-03
+244.80000E-03,+77.96734E-03
+244.85000E-03,+86.81156E-03
+244.90000E-03,+78.52010E-03
+244.95000E-03,+86.81156E-03
+245.00000E-03,+77.96734E-03
+245.05000E-03,+79.07287E-03
+245.10000E-03,+78.52010E-03
+245.15000E-03,+86.81156E-03
+245.20000E-03,+86.81156E-03
+245.25000E-03,+78.52010E-03
+245.30000E-03,+78.52010E-03
+245.35000E-03,+86.81156E-03
+245.40000E-03,+86.81156E-03
+245.45000E-03,+78.52010E-03
+245.50000E-03,+86.81156E-03
+245.55000E-03,+70.22865E-03
+245.60000E-03,+78.52010E-03
+245.65000E-03,+86.81156E-03
+245.70000E-03,+95.10302E-03
+245.75000E-03,+86.81156E-03
+245.80000E-03,+79.07287E-03
+245.85000E-03,+86.81156E-03
+245.90000E-03,+78.52010E-03
+245.95000E-03,+86.81156E-03
+246.00000E-03,+95.10302E-03
+246.05000E-03,+77.96734E-03
+246.10000E-03,+78.52010E-03
+246.15000E-03,+78.52010E-03
+246.20000E-03,+78.52010E-03
+246.25000E-03,+87.36432E-03
+246.30000E-03,+86.81156E-03
+246.35000E-03,+78.52010E-03
+246.40000E-03,+86.81156E-03
+246.45000E-03,+78.52010E-03
+246.50000E-03,+86.81156E-03
+246.55000E-03,+86.81156E-03
+246.60000E-03,+86.81156E-03
+246.65000E-03,+70.22865E-03
+246.70000E-03,+86.81156E-03
+246.75000E-03,+77.96734E-03
+246.80000E-03,+78.52010E-03
+246.85000E-03,+77.96734E-03
+246.90000E-03,+86.81156E-03
+246.95000E-03,+86.81156E-03
+247.00000E-03,+69.67588E-03
+247.05000E-03,+86.81156E-03
+247.10000E-03,+70.22865E-03
+247.15000E-03,+77.96734E-03
+247.20000E-03,+95.10302E-03
+247.25000E-03,+77.96734E-03
+247.30000E-03,+87.91709E-03
+247.35000E-03,+86.25880E-03
+247.40000E-03,+78.52010E-03
+247.45000E-03,+79.07287E-03
+247.50000E-03,+86.81156E-03
+247.55000E-03,+77.96734E-03
+247.60000E-03,+78.52010E-03
+247.65000E-03,+86.81156E-03
+247.70000E-03,+86.81156E-03
+247.75000E-03,+86.25880E-03
+247.80000E-03,+95.65578E-03
+247.85000E-03,+77.96734E-03
+247.90000E-03,+69.67588E-03
+247.95000E-03,+86.81156E-03
+248.00000E-03,+86.81156E-03
+248.05000E-03,+95.10302E-03
+248.10000E-03,+86.81156E-03
+248.15000E-03,+86.81156E-03
+248.20000E-03,+77.96734E-03
+248.25000E-03,+87.36432E-03
+248.30000E-03,+86.81156E-03
+248.35000E-03,+78.52010E-03
+248.40000E-03,+77.96734E-03
+248.45000E-03,+86.81156E-03
+248.50000E-03,+78.52010E-03
+248.55000E-03,+70.22865E-03
+248.60000E-03,+86.81156E-03
+248.65000E-03,+86.81156E-03
+248.70000E-03,+86.81156E-03
+248.75000E-03,+86.81156E-03
+248.80000E-03,+77.96734E-03
+248.85000E-03,+86.81156E-03
+248.90000E-03,+79.07287E-03
+248.95000E-03,+77.96734E-03
+249.00000E-03,+77.96734E-03
+249.05000E-03,+77.96734E-03
+249.10000E-03,+86.81156E-03
+249.15000E-03,+95.10302E-03
+249.20000E-03,+86.25880E-03
+249.25000E-03,+69.67588E-03
+249.30000E-03,+86.81156E-03
+249.35000E-03,+86.81156E-03
+249.40000E-03,+77.96734E-03
+249.45000E-03,+77.96734E-03
+249.50000E-03,+86.81156E-03
+249.55000E-03,+86.81156E-03
+249.60000E-03,+69.67588E-03
+249.65000E-03,+86.81156E-03
+249.70000E-03,+86.81156E-03
+249.75000E-03,+77.96734E-03
+249.80000E-03,+70.22865E-03
+249.85000E-03,+86.81156E-03
+249.90000E-03,+78.52010E-03
+249.95000E-03,+79.07287E-03
+250.00000E-03,+77.96734E-03
+250.05000E-03,+95.65578E-03
+250.10000E-03,+86.81156E-03
+250.15000E-03,+95.10302E-03
+250.20000E-03,+77.96734E-03
+250.25000E-03,+86.81156E-03
+250.30000E-03,+77.96734E-03
+250.35000E-03,+77.96734E-03
+250.40000E-03,+86.81156E-03
+250.45000E-03,+79.07287E-03
+250.50000E-03,+86.81156E-03
+250.55000E-03,+77.96734E-03
+250.60000E-03,+95.10302E-03
+250.65000E-03,+86.81156E-03
+250.70000E-03,+86.81156E-03
+250.75000E-03,+86.81156E-03
+250.80000E-03,+70.22865E-03
+250.85000E-03,+86.81156E-03
+250.90000E-03,+86.81156E-03
+250.95000E-03,+86.81156E-03
+251.00000E-03,+86.81156E-03
+251.05000E-03,+77.96734E-03
+251.10000E-03,+78.52010E-03
+251.15000E-03,+77.96734E-03
+251.20000E-03,+95.65578E-03
+251.25000E-03,+78.52010E-03
+251.30000E-03,+95.10302E-03
+251.35000E-03,+87.36432E-03
+251.40000E-03,+69.12312E-03
+251.45000E-03,+87.36432E-03
+251.50000E-03,+78.52010E-03
+251.55000E-03,+78.52010E-03
+251.60000E-03,+86.81156E-03
+251.65000E-03,+86.81156E-03
+251.70000E-03,+78.52010E-03
+251.75000E-03,+70.22865E-03
+251.80000E-03,+79.07287E-03
+251.85000E-03,+77.96734E-03
+251.90000E-03,+77.96734E-03
+251.95000E-03,+69.67588E-03
+252.00000E-03,+77.96734E-03
+252.05000E-03,+69.67588E-03
+252.10000E-03,+78.52010E-03
+252.15000E-03,+77.96734E-03
+252.20000E-03,+77.96734E-03
+252.25000E-03,+77.96734E-03
+252.30000E-03,+77.96734E-03
+252.35000E-03,+86.81156E-03
+252.40000E-03,+78.52010E-03
+252.45000E-03,+69.67588E-03
+252.50000E-03,+69.67588E-03
+252.55000E-03,+78.52010E-03
+252.60000E-03,+77.96734E-03
+252.65000E-03,+86.81156E-03
+252.70000E-03,+69.67588E-03
+252.75000E-03,+69.67588E-03
+252.80000E-03,+77.96734E-03
+252.85000E-03,+70.22865E-03
+252.90000E-03,+77.96734E-03
+252.95000E-03,+77.96734E-03
+253.00000E-03,+77.96734E-03
+253.05000E-03,+77.96734E-03
+253.10000E-03,+77.96734E-03
+253.15000E-03,+86.81156E-03
+253.20000E-03,+77.96734E-03
+253.25000E-03,+77.96734E-03
+253.30000E-03,+78.52010E-03
+253.35000E-03,+86.25880E-03
+253.40000E-03,+77.96734E-03
+253.45000E-03,+69.67588E-03
+253.50000E-03,+86.81156E-03
+253.55000E-03,+78.52010E-03
+253.60000E-03,+69.12312E-03
+253.65000E-03,+69.67588E-03
+253.70000E-03,+69.67588E-03
+253.75000E-03,+78.52010E-03
+253.80000E-03,+77.96734E-03
+253.85000E-03,+86.25880E-03
+253.90000E-03,+69.67588E-03
+253.95000E-03,+77.96734E-03
+254.00000E-03,+69.67588E-03
+254.05000E-03,+77.96734E-03
+254.10000E-03,+77.96734E-03
+254.15000E-03,+69.12312E-03
+254.20000E-03,+78.52010E-03
+254.25000E-03,+77.96734E-03
+254.30000E-03,+70.22865E-03
+254.35000E-03,+77.96734E-03
+254.40000E-03,+86.81156E-03
+254.45000E-03,+77.96734E-03
+254.50000E-03,+70.22865E-03
+254.55000E-03,+69.12312E-03
+254.60000E-03,+69.12312E-03
+254.65000E-03,+69.67588E-03
+254.70000E-03,+77.96734E-03
+254.75000E-03,+86.81156E-03
+254.80000E-03,+86.81156E-03
+254.85000E-03,+77.96734E-03
+254.90000E-03,+70.22865E-03
+254.95000E-03,+77.96734E-03
+255.00000E-03,+86.25880E-03
+255.05000E-03,+77.96734E-03
+255.10000E-03,+86.81156E-03
+255.15000E-03,+86.81156E-03
+255.20000E-03,+78.52010E-03
+255.25000E-03,+77.96734E-03
+255.30000E-03,+86.81156E-03
+255.35000E-03,+69.12312E-03
+255.40000E-03,+69.67588E-03
+255.45000E-03,+70.22865E-03
+255.50000E-03,+86.25880E-03
+255.55000E-03,+86.25880E-03
+255.60000E-03,+69.67588E-03
+255.65000E-03,+78.52010E-03
+255.70000E-03,+77.96734E-03
+255.75000E-03,+77.96734E-03
+255.80000E-03,+77.96734E-03
+255.85000E-03,+69.67588E-03
+255.90000E-03,+86.81156E-03
+255.95000E-03,+70.22865E-03
+256.00000E-03,+86.25880E-03
+256.05000E-03,+69.67588E-03
+256.10000E-03,+86.25880E-03
+256.15000E-03,+86.81156E-03
+256.20000E-03,+78.52010E-03
+256.25000E-03,+69.67588E-03
+256.30000E-03,+78.52010E-03
+256.35000E-03,+86.81156E-03
+256.40000E-03,+77.96734E-03
+256.45000E-03,+77.96734E-03
+256.50000E-03,+77.96734E-03
+256.55000E-03,+77.96734E-03
+256.60000E-03,+86.81156E-03
+256.65000E-03,+78.52010E-03
+256.70000E-03,+86.81156E-03
+256.75000E-03,+77.96734E-03
+256.80000E-03,+77.96734E-03
+256.85000E-03,+77.96734E-03
+256.90000E-03,+86.81156E-03
+256.95000E-03,+95.65578E-03
+257.00000E-03,+86.81156E-03
+257.05000E-03,+77.96734E-03
+257.10000E-03,+78.52010E-03
+257.15000E-03,+77.96734E-03
+257.20000E-03,+86.81156E-03
+257.25000E-03,+86.81156E-03
+257.30000E-03,+77.96734E-03
+257.35000E-03,+77.96734E-03
+257.40000E-03,+86.81156E-03
+257.45000E-03,+77.96734E-03
+257.50000E-03,+77.96734E-03
+257.55000E-03,+86.81156E-03
+257.60000E-03,+86.81156E-03
+257.65000E-03,+77.96734E-03
+257.70000E-03,+95.10302E-03
+257.75000E-03,+95.10302E-03
+257.80000E-03,+86.25880E-03
+257.85000E-03,+87.36432E-03
+257.90000E-03,+86.81156E-03
+257.95000E-03,+86.81156E-03
+258.00000E-03,+78.52010E-03
+258.05000E-03,+78.52010E-03
+258.10000E-03,+77.96734E-03
+258.15000E-03,+70.22865E-03
+258.20000E-03,+77.96734E-03
+258.25000E-03,+77.96734E-03
+258.30000E-03,+77.96734E-03
+258.35000E-03,+78.52010E-03
+258.40000E-03,+69.12312E-03
+258.45000E-03,+69.67588E-03
+258.50000E-03,+78.52010E-03
+258.55000E-03,+70.22865E-03
+258.60000E-03,+87.36432E-03
+258.65000E-03,+95.65578E-03
+258.70000E-03,+86.81156E-03
+258.75000E-03,+86.81156E-03
+258.80000E-03,+79.07287E-03
+258.85000E-03,+78.52010E-03
+258.90000E-03,+77.96734E-03
+258.95000E-03,+86.81156E-03
+259.00000E-03,+86.81156E-03
+259.05000E-03,+86.81156E-03
+259.10000E-03,+95.10302E-03
+259.15000E-03,+86.81156E-03
+259.20000E-03,+95.65578E-03
+259.25000E-03,+86.81156E-03
+259.30000E-03,+87.36432E-03
+259.35000E-03,+78.52010E-03
+259.40000E-03,+70.22865E-03
+259.45000E-03,+86.81156E-03
+259.50000E-03,+103.94724E-03
+259.55000E-03,+87.36432E-03
+259.60000E-03,+86.81156E-03
+259.65000E-03,+78.52010E-03
+259.70000E-03,+87.36432E-03
+259.75000E-03,+95.65578E-03
+259.80000E-03,+86.25880E-03
+259.85000E-03,+78.52010E-03
+259.90000E-03,+86.81156E-03
+259.95000E-03,+95.65578E-03
+260.00000E-03,+86.81156E-03
+260.05000E-03,+95.65578E-03
+260.10000E-03,+87.91709E-03
+260.15000E-03,+87.36432E-03
+260.20000E-03,+86.81156E-03
+260.25000E-03,+86.81156E-03
+260.30000E-03,+95.65578E-03
+260.35000E-03,+86.81156E-03
+260.40000E-03,+95.10302E-03
+260.45000E-03,+95.65578E-03
+260.50000E-03,+86.81156E-03
+260.55000E-03,+86.81156E-03
+260.60000E-03,+86.81156E-03
+260.65000E-03,+77.96734E-03
+260.70000E-03,+95.10302E-03
+260.75000E-03,+78.52010E-03
+260.80000E-03,+95.10302E-03
+260.85000E-03,+86.81156E-03
+260.90000E-03,+77.96734E-03
+260.95000E-03,+86.81156E-03
+261.00000E-03,+95.65578E-03
+261.05000E-03,+95.10302E-03
+261.10000E-03,+86.81156E-03
+261.15000E-03,+95.65578E-03
+261.20000E-03,+95.65578E-03
+261.25000E-03,+79.07287E-03
+261.30000E-03,+96.20855E-03
+261.35000E-03,+95.65578E-03
+261.40000E-03,+86.81156E-03
+261.45000E-03,+77.96734E-03
+261.50000E-03,+86.81156E-03
+261.55000E-03,+86.81156E-03
+261.60000E-03,+95.65578E-03
+261.65000E-03,+87.91709E-03
+261.70000E-03,+86.81156E-03
+261.75000E-03,+87.36432E-03
+261.80000E-03,+87.36432E-03
+261.85000E-03,+86.81156E-03
+261.90000E-03,+78.52010E-03
+261.95000E-03,+95.65578E-03
+262.00000E-03,+79.07287E-03
+262.05000E-03,+95.65578E-03
+262.10000E-03,+103.94724E-03
+262.15000E-03,+86.81156E-03
+262.20000E-03,+95.10302E-03
+262.25000E-03,+87.36432E-03
+262.30000E-03,+77.96734E-03
+262.35000E-03,+79.07287E-03
+262.40000E-03,+86.81156E-03
+262.45000E-03,+95.10302E-03
+262.50000E-03,+87.36432E-03
+262.55000E-03,+86.81156E-03
+262.60000E-03,+78.52010E-03
+262.65000E-03,+87.91709E-03
+262.70000E-03,+86.81156E-03
+262.75000E-03,+78.52010E-03
+262.80000E-03,+95.65578E-03
+262.85000E-03,+95.65578E-03
+262.90000E-03,+86.81156E-03
+262.95000E-03,+86.81156E-03
+263.00000E-03,+86.81156E-03
+263.05000E-03,+86.81156E-03
+263.10000E-03,+103.94724E-03
+263.15000E-03,+87.36432E-03
+263.20000E-03,+86.81156E-03
+263.25000E-03,+95.65578E-03
+263.30000E-03,+86.81156E-03
+263.35000E-03,+96.20855E-03
+263.40000E-03,+86.81156E-03
+263.45000E-03,+86.81156E-03
+263.50000E-03,+95.10302E-03
+263.55000E-03,+86.81156E-03
+263.60000E-03,+96.76131E-03
+263.65000E-03,+86.81156E-03
+263.70000E-03,+103.94724E-03
+263.75000E-03,+95.65578E-03
+263.80000E-03,+95.65578E-03
+263.85000E-03,+79.07287E-03
+263.90000E-03,+87.36432E-03
+263.95000E-03,+86.81156E-03
+264.00000E-03,+79.07287E-03
+264.05000E-03,+79.07287E-03
+264.10000E-03,+104.50000E-03
+264.15000E-03,+86.81156E-03
+264.20000E-03,+95.65578E-03
+264.25000E-03,+87.36432E-03
+264.30000E-03,+77.96734E-03
+264.35000E-03,+86.81156E-03
+264.40000E-03,+95.10302E-03
+264.45000E-03,+95.65578E-03
+264.50000E-03,+95.65578E-03
+264.55000E-03,+86.81156E-03
+264.60000E-03,+86.81156E-03
+264.65000E-03,+95.65578E-03
+264.70000E-03,+87.36432E-03
+264.75000E-03,+86.81156E-03
+264.80000E-03,+86.81156E-03
+264.85000E-03,+86.81156E-03
+264.90000E-03,+86.81156E-03
+264.95000E-03,+95.65578E-03
+265.00000E-03,+95.65578E-03
+265.05000E-03,+87.91709E-03
+265.10000E-03,+95.65578E-03
+265.15000E-03,+78.52010E-03
+265.20000E-03,+78.52010E-03
+265.25000E-03,+86.81156E-03
+265.30000E-03,+86.25880E-03
+265.35000E-03,+95.65578E-03
+265.40000E-03,+95.65578E-03
+265.45000E-03,+87.36432E-03
+265.50000E-03,+95.65578E-03
+265.55000E-03,+95.65578E-03
+265.60000E-03,+103.94724E-03
+265.65000E-03,+86.81156E-03
+265.70000E-03,+86.81156E-03
+265.75000E-03,+70.22865E-03
+265.80000E-03,+86.81156E-03
+265.85000E-03,+78.52010E-03
+265.90000E-03,+86.81156E-03
+265.95000E-03,+86.81156E-03
+266.00000E-03,+78.52010E-03
+266.05000E-03,+79.07287E-03
+266.10000E-03,+87.36432E-03
+266.15000E-03,+96.20855E-03
+266.20000E-03,+86.81156E-03
+266.25000E-03,+95.65578E-03
+266.30000E-03,+95.65578E-03
+266.35000E-03,+86.81156E-03
+266.40000E-03,+95.65578E-03
+266.45000E-03,+86.81156E-03
+266.50000E-03,+79.07287E-03
+266.55000E-03,+95.65578E-03
+266.60000E-03,+104.50000E-03
+266.65000E-03,+79.07287E-03
+266.70000E-03,+87.36432E-03
+266.75000E-03,+78.52010E-03
+266.80000E-03,+95.65578E-03
+266.85000E-03,+77.96734E-03
+266.90000E-03,+86.81156E-03
+266.95000E-03,+86.81156E-03
+267.00000E-03,+86.81156E-03
+267.05000E-03,+95.65578E-03
+267.10000E-03,+78.52010E-03
+267.15000E-03,+95.65578E-03
+267.20000E-03,+95.65578E-03
+267.25000E-03,+95.65578E-03
+267.30000E-03,+95.65578E-03
+267.35000E-03,+87.36432E-03
+267.40000E-03,+96.20855E-03
+267.45000E-03,+86.81156E-03
+267.50000E-03,+95.65578E-03
+267.55000E-03,+103.94724E-03
+267.60000E-03,+86.81156E-03
+267.65000E-03,+95.10302E-03
+267.70000E-03,+95.65578E-03
+267.75000E-03,+95.65578E-03
+267.80000E-03,+103.94724E-03
+267.85000E-03,+95.65578E-03
+267.90000E-03,+95.10302E-03
+267.95000E-03,+104.50000E-03
+268.00000E-03,+86.81156E-03
+268.05000E-03,+95.65578E-03
+268.10000E-03,+95.65578E-03
+268.15000E-03,+87.36432E-03
+268.20000E-03,+86.81156E-03
+268.25000E-03,+87.36432E-03
+268.30000E-03,+87.36432E-03
+268.35000E-03,+87.36432E-03
+268.40000E-03,+96.20855E-03
+268.45000E-03,+87.91709E-03
+268.50000E-03,+87.36432E-03
+268.55000E-03,+103.94724E-03
+268.60000E-03,+95.10302E-03
+268.65000E-03,+95.65578E-03
+268.70000E-03,+96.20855E-03
+268.75000E-03,+95.65578E-03
+268.80000E-03,+95.65578E-03
+268.85000E-03,+95.65578E-03
+268.90000E-03,+95.65578E-03
+268.95000E-03,+86.81156E-03
+269.00000E-03,+95.65578E-03
+269.05000E-03,+96.20855E-03
+269.10000E-03,+87.36432E-03
+269.15000E-03,+86.81156E-03
+269.20000E-03,+79.07287E-03
+269.25000E-03,+95.65578E-03
+269.30000E-03,+95.65578E-03
+269.35000E-03,+87.36432E-03
+269.40000E-03,+79.07287E-03
+269.45000E-03,+95.65578E-03
+269.50000E-03,+95.65578E-03
+269.55000E-03,+95.65578E-03
+269.60000E-03,+96.20855E-03
+269.65000E-03,+95.65578E-03
+269.70000E-03,+95.65578E-03
+269.75000E-03,+95.65578E-03
+269.80000E-03,+87.36432E-03
+269.85000E-03,+86.81156E-03
+269.90000E-03,+95.65578E-03
+269.95000E-03,+95.65578E-03
+270.00000E-03,+87.36432E-03
+270.05000E-03,+95.65578E-03
+270.10000E-03,+87.36432E-03
+270.15000E-03,+86.81156E-03
+270.20000E-03,+95.65578E-03
+270.25000E-03,+79.07287E-03
+270.30000E-03,+87.36432E-03
+270.35000E-03,+86.81156E-03
